Date,Longitude,Latitude,Depth,Rms,Type,Magnitude,Location,EventID
"08/05/2015 02:30:29",35.5546,37.6365,7,0.28,"ML",1.3,"Aladağ (Adana)",296886
"07/05/2015 16:19:14",34.0516,38.3396,6.85,0.78,"ML",1.4,"Merkez (Aksaray)",296851
"07/05/2015 15:28:48",33.0525,38.09,6.96,0.56,"ML",2,"Karatay (Konya)",296845
"07/05/2015 03:39:32",35.5636,37.653,7.01,0.98,"ML",1.4,"Aladağ (Adana)",296816
"07/05/2015 02:55:11",35.6183,37.6215,7,0.24,"ML",1.4,"Kozan (Adana)",296813
"06/05/2015 17:28:54",35.5463,37.6093,7,0.16,"ML",1.2,"Aladağ (Adana)",296787
"06/05/2015 10:50:05",34.5283,38.0411,9.51,0.83,"ML",1.3,"Bor (Niğde)",296773
"06/05/2015 09:19:00",34.5238,37.425,7.08,0.17,"ML",1.7,"Ulukışla (Niğde)",296767
"06/05/2015 01:48:09",35.9926,37.2626,7,0.23,"ML",1.7,"Kadirli (Osmaniye)",296749
"05/05/2015 11:27:58",34.3246,38.0165,6.91,0.66,"ML",1.5,"Altunhisar (Niğde)",296698
"05/05/2015 02:22:13",35.5613,37.6223,7,0.16,"ML",1.8,"Aladağ (Adana)",296672
"05/05/2015 00:58:04",34.5791,37.0718,7,0.15,"ML",1.3,"Toroslar (Mersin)",296671
"04/05/2015 21:27:56",35.5511,37.6256,7,0.18,"ML",1.4,"Aladağ (Adana)",296665
"03/05/2015 03:05:28",35.616,37.67,5.1,0.6,"ML",2.6,"Kozan (Adana)",296540
"01/05/2015 18:18:43",35.5665,37.6485,7,0.41,"ML",1.2,"Aladağ (Adana)",296424
"01/05/2015 17:41:08",34.8056,37.0755,8.04,0.24,"ML",1.5,"Tarsus (Mersin)",296420
"01/05/2015 16:02:06",34.0295,38.452,6.97,0.56,"ML",1.4,"Merkez (Aksaray)",296411
"01/05/2015 07:35:32",34.716,38.6791,7.04,0.37,"ML",1.7,"Merkez (Nevşehir)",296373
"30/04/2015 17:44:28",35.886,37.1306,7,0.51,"ML",1.6,"Ceyhan (Adana)",296333
"30/04/2015 11:54:15",35.4656,37.6116,7,0.47,"ML",1.4,"Aladağ (Adana)",296321
"30/04/2015 04:37:45",33.0318,38.0345,6.96,0.33,"ML",1.6,"Karatay (Konya)",296291
"30/04/2015 02:35:07",35.048,37.7805,7,0.29,"ML",1.6,"Çamardı (Niğde)",296281
"30/04/2015 02:27:38",35.5635,37.5985,7,0.15,"ML",1.4,"Aladağ (Adana)",296282
"29/04/2015 19:52:37",33.7301,38.6888,5.66,0.1,"ML",1.3,"Ağaçören (Aksaray)",296266
"29/04/2015 02:47:10",35.9005,37.1621,7.01,0.29,"ML",1.3,"Ceyhan (Adana)",296228
"28/04/2015 19:54:29",35.9215,37.5693,7,0.36,"ML",1.2,"Kozan (Adana)",296190
"28/04/2015 05:21:45",35.6266,37.6023,7,0.19,"ML",1.3,"Kozan (Adana)",296140
"26/04/2015 22:51:27",35.5721,37.6488,7.05,0.19,"ML",1.6,"Aladağ (Adana)",296060
"25/04/2015 16:21:16",35.5396,37.6025,7,0.31,"ML",1.5,"Aladağ (Adana)",296000
"24/04/2015 13:34:30",34.2443,38.389,7.05,0.5,"ML",1.6,"Gülağaç (Aksaray)",295906
"24/04/2015 08:05:36",35.8198,38.6291,12.15,0.68,"ML",2,"Talas (Kayseri)",295880
"21/04/2015 13:12:19",33.9571,38.3698,7,0.26,"ML",1,"Merkez (Aksaray)",295741
"21/04/2015 10:08:48",35.2703,38.7075,9.76,0.22,"ML",1.7,"İncesu (Kayseri)",295730
"20/04/2015 13:53:05",35.0396,37.2696,7,0.26,"ML",1.5,"Karaisalı (Adana)",295681
"20/04/2015 02:31:44",33.6918,38.6751,7.38,0.46,"ML",1.9,"Ağaçören (Aksaray)",295648
"19/04/2015 16:45:31",35.5725,37.6278,7,0.7,"ML",1.8,"Aladağ (Adana)",295603
"17/04/2015 13:20:46",34.878,37.0505,7,0.1,"ML",1.3,"Tarsus (Mersin)",294461
"17/04/2015 13:18:55",33.7241,38.9228,6.99,0.25,"ML",1.1,"Şereflikoçhisar (Ankara)",294460
"16/04/2015 14:04:19",35.5535,37.6298,7,0.7,"ML",1.9,"Aladağ (Adana)",294392
"14/04/2015 19:59:24",35.1728,37.2771,7.53,0.23,"ML",1.4,"Karaisalı (Adana)",294299
"14/04/2015 13:24:58",34.4903,37.9395,7,0.2,"ML",1.3,"Bor (Niğde)",294287
"13/04/2015 22:55:08",34.5705,37.0971,6.99,0.35,"ML",1.4,"Çamlıyayla (Mersin)",294248
"13/04/2015 17:06:07",35.7825,38.6585,7.01,0.42,"ML",1.3,"Talas (Kayseri)",294218
"12/04/2015 06:23:32",35.0845,38.475,6.99,0.8,"ML",1.8,"Yeşilhisar (Kayseri)",294145
"11/04/2015 15:23:07",33.6561,38.682,7,0.29,"ML",2.8,"Tuz Gölü - [10.11 km] Şereflikoçhisar (Ankara)",294111
"11/04/2015 14:42:20",33.5245,38.1253,2.4,0.74,"ML",1.6,"Eskil (Aksaray)",294109
"11/04/2015 09:16:37",34.9883,38.0686,7,0.16,"ML",1.3,"Merkez (Niğde)",294079
"10/04/2015 17:22:43",35.7473,37.7813,7,0.69,"ML",1.5,"Feke (Adana)",294041
"08/04/2015 11:11:29",35.9278,38.615,6.32,0.18,"ML",1.7,"Bünyan (Kayseri)",293951
"08/04/2015 01:45:07",33.8708,38.4526,7.03,0.38,"ML",1.2,"Merkez (Aksaray)",293929
"06/04/2015 23:32:00",33.4408,38.8445,6.92,0.39,"ML",1.7,"Şereflikoçhisar (Ankara)",293855
"06/04/2015 22:55:20",34.5473,37.1231,7,0.92,"ML",1.3,"Çamlıyayla (Mersin)",293853
"06/04/2015 04:35:44",34.5418,37.0671,8.46,0.46,"ML",2.7,"Toroslar (Mersin)",293821
"05/04/2015 22:21:52",35.0246,37.8173,7,0.31,"ML",1.4,"Çamardı (Niğde)",293796
"05/04/2015 00:52:27",35.0553,37.7875,6.99,0.41,"ML",1.7,"Çamardı (Niğde)",293731
"04/04/2015 19:31:32",35.0538,37.8411,7.41,0.23,"ML",1.5,"Çamardı (Niğde)",293714
"04/04/2015 07:54:18",35.7061,37.4915,8.27,0.52,"ML",2.5,"Kozan (Adana)",293672
"03/04/2015 06:28:39",34.883,37.0295,7,0.2,"ML",1.7,"Tarsus (Mersin)",293600
"01/04/2015 14:12:30",33.73,38.9328,7.04,0.3,"ML",1.2,"Şereflikoçhisar (Ankara)",293480
"30/03/2015 18:46:33",33.5275,37.7346,7.02,0.49,"ML",1.7,"Karapınar (Konya)",293368
"30/03/2015 09:48:39",33.1918,38.0923,7.26,0.66,"ML",1.5,"Karatay (Konya)",293350
"30/03/2015 05:57:22",35.928,37.7538,7.13,0.22,"ML",1.6,"Feke (Adana)",293339
"29/03/2015 15:16:04",35.4848,37.2436,7,0.21,"ML",1.8,"İmamoğlu (Adana)",293313
"28/03/2015 11:28:34",35.5896,38.9011,7.02,0.7,"ML",1.4,"Kocasinan (Kayseri)",293219
"28/03/2015 10:43:40",35.604,38.885,9.15,0.2,"ML",2.6,"Kocasinan (Kayseri)",293214
"28/03/2015 05:22:28",35.6141,38.934,7,0.13,"ML",1.2,"Kocasinan (Kayseri)",293208
"27/03/2015 13:02:05",35.5918,37.5863,12.34,0.32,"ML",2.2,"Kozan (Adana)",293169
"26/03/2015 21:42:53",34.5465,37.4405,7.04,0.34,"ML",1.9,"Ulukışla (Niğde)",293117
"26/03/2015 14:54:29",35.5958,38.8798,9.85,0.24,"ML",2.1,"Kocasinan (Kayseri)",293092
"25/03/2015 09:51:48",34.3095,38.4541,6.84,0.44,"ML",1.5,"Gülağaç (Aksaray)",293009
"23/03/2015 09:39:07",35.0448,37.7791,7,0.87,"ML",1.6,"Çamardı (Niğde)",292892
"22/03/2015 12:10:07",35.1098,38.4585,6.99,0.88,"ML",1.7,"Yeşilhisar (Kayseri)",292813
"21/03/2015 23:24:06",35.0543,37.8613,7.01,0.19,"ML",1.3,"Çamardı (Niğde)",292785
"21/03/2015 03:39:57",35.0808,37.8775,7,0.33,"ML",1.3,"Çamardı (Niğde)",292720
"20/03/2015 14:20:21",33.663,38.9366,7.41,0.22,"ML",1.5,"Şereflikoçhisar (Ankara)",292688
"20/03/2015 12:53:15",35.9283,37.333,7,0.62,"ML",1.2,"Kadirli (Osmaniye)",292682
"20/03/2015 09:12:54",35.7081,37.32,24.3,0.65,"ML",2.9,"İmamoğlu (Adana)",292661
"19/03/2015 09:10:42",34.2346,38.0895,6.86,0.25,"ML",1.7,"Altunhisar (Niğde)",292590
"19/03/2015 07:41:08",35.5466,37.56,0.8,0.14,"ML",1.8,"Kozan (Adana)",292581
"16/03/2015 18:05:09",34.0153,38.773,7,0.47,"ML",1.1,"Ortaköy (Aksaray)",292373
"14/03/2015 14:46:29",33.7313,38.924,0.97,0.42,"ML",1.3,"Şereflikoçhisar (Ankara)",292231
"14/03/2015 12:04:22",35.0288,38.4798,7.02,0.5,"ML",1.6,"Ürgüp (Nevşehir)",292220
"10/03/2015 02:18:27",34.509,37.3826,7.01,0.84,"ML",1.4,"Çamlıyayla (Mersin)",291941
"08/03/2015 05:15:59",34.5743,37.401,7.04,0.89,"ML",1.2,"Çamlıyayla (Mersin)",291848
"07/03/2015 15:22:04",33.6331,38.9366,7.05,0.41,"ML",1.1,"Şereflikoçhisar (Ankara)",291809
"07/03/2015 12:15:22",33.9513,38.5525,7,0.76,"ML",1.2,"Merkez (Aksaray)",291798
"07/03/2015 06:59:54",35.1581,37.9728,6.95,0.41,"ML",2,"Çamardı (Niğde)",291783
"07/03/2015 00:51:05",33.6373,38.749,11.51,0.15,"ML",1.6,"Tuz Gölü - [05.82 km] Şereflikoçhisar (Ankara)",291765
"03/03/2015 19:49:40",35.0321,38.172,7,0.9,"ML",1.2,"Merkez (Niğde)",291580
"28/02/2015 22:03:40",34.5115,37.4661,8.22,0.83,"ML",2.9,"Ulukışla (Niğde)",291396
"28/02/2015 16:34:59",35.66,37.4965,7.05,0.39,"ML",1.9,"Kozan (Adana)",291383
"28/02/2015 14:28:58",34.6856,37.071,7.3,0.13,"ML",1.9,"Tarsus (Mersin)",291378
"28/02/2015 00:23:45",34.5406,37.0093,7,0.24,"ML",1.8,"Toroslar (Mersin)",291351
"27/02/2015 22:30:09",35.5285,37.1843,6.99,0.23,"ML",1.5,"Sarıçam (Adana)",291344
"27/02/2015 20:32:30",35.6331,37.5221,7,0.37,"ML",1.3,"Kozan (Adana)",291340
"27/02/2015 17:33:43",35.6678,37.5025,7,0.21,"ML",1.8,"Kozan (Adana)",291334
"27/02/2015 14:13:22",35.0941,38.4666,7,0.22,"ML",1.6,"Yeşilhisar (Kayseri)",291323
"26/02/2015 05:32:31",34.9498,37.2255,7,0.43,"ML",2.5,"Tarsus (Mersin)",291236
"25/02/2015 19:07:33",34.511,37.3911,7,0.9,"ML",1.3,"Çamlıyayla (Mersin)",291214
"24/02/2015 19:27:16",35.6643,37.5128,7.01,0.37,"ML",1.5,"Kozan (Adana)",291165
"23/02/2015 08:37:43",35.0896,37.8103,7.24,0.34,"ML",1.6,"Çamardı (Niğde)",291082
"23/02/2015 02:43:07",35.3445,37.4743,7.05,0.25,"ML",1.5,"Aladağ (Adana)",291070
"22/02/2015 22:47:56",35.6961,37.5856,7,0.28,"ML",1.2,"Kozan (Adana)",291058
"22/02/2015 16:04:35",34.5326,37.4325,7,0.3,"ML",1.1,"Ulukışla (Niğde)",291033
"22/02/2015 08:41:45",34.3423,37.5955,7,0.49,"ML",1.4,"Ulukışla (Niğde)",291013
"22/02/2015 04:09:13",35.3181,37.4231,7,0.52,"ML",1.4,"Aladağ (Adana)",290999
"21/02/2015 22:48:34",34.543,37.4455,7,0.37,"ML",1.1,"Ulukışla (Niğde)",290978
"21/02/2015 22:41:13",34.5393,37.4451,6.19,0.24,"ML",2.4,"Ulukışla (Niğde)",290977
"21/02/2015 04:27:10",33.8215,38.4786,6.35,0.13,"ML",1.1,"Merkez (Aksaray)",290938
"19/02/2015 18:32:18",34.6591,37.1351,7,0.47,"ML",1.6,"Çamlıyayla (Mersin)",290871
"17/02/2015 04:54:12",33.8291,38.4828,6.33,0.34,"ML",1.5,"Merkez (Aksaray)",290757
"16/02/2015 19:49:29",33.8628,38.4701,6.97,0.49,"ML",1.3,"Merkez (Aksaray)",290729
"16/02/2015 19:10:27",34.9265,37.2491,7,0.47,"ML",1.2,"Tarsus (Mersin)",290725
"16/02/2015 10:13:16",34.9135,37.0033,7,0.2,"ML",1.4,"Tarsus (Mersin)",290693
"14/02/2015 09:32:21",34.5201,38.6173,6.97,0.3,"ML",1.4,"Acıgöl (Nevşehir)",290561
"14/02/2015 09:12:30",35.0478,38.4738,7.05,0.26,"ML",1.6,"Ürgüp (Nevşehir)",290558
"13/02/2015 18:06:06",35.2501,37.4096,7,0.11,"ML",1.4,"Karaisalı (Adana)",290533
"13/02/2015 12:27:22",33.5743,37.7231,7.08,0.28,"ML",1.4,"Karapınar (Konya)",290522
"12/02/2015 17:24:05",34.12,38.1975,7.02,0.26,"ML",1.2,"Merkez (Aksaray)",290483
"12/02/2015 12:05:44",35.7048,37.5006,7,0.11,"ML",1.4,"Kozan (Adana)",290472
"11/02/2015 10:24:18",34.6796,38.0023,11.96,0.17,"ML",1.3,"Merkez (Niğde)",289415
"10/02/2015 13:34:37",33.616,38.8726,2.01,0.13,"ML",1.4,"Şereflikoçhisar (Ankara)",289384
"09/02/2015 15:50:10",33.7191,38.6511,6.07,0.16,"ML",1.2,"Merkez (Aksaray)",289335
"09/02/2015 07:56:36",35.5866,37.7651,7,0.8,"ML",1.4,"Kozan (Adana)",289310
"08/02/2015 14:08:33",35.4191,37.6391,7,0.12,"ML",1.4,"Aladağ (Adana)",289271
"07/02/2015 14:18:37",34.8325,37.9963,1.31,0.46,"ML",1.6,"Merkez (Niğde)",289209
"05/02/2015 18:51:11",35.5191,37.5556,7,0.13,"ML",1.2,"Aladağ (Adana)",289087
"05/02/2015 02:01:25",33.3098,37.3418,7.03,0.64,"ML",1.7,"Merkez (Karaman)",289029
"04/02/2015 18:58:03",34.2868,38.1781,7,0.21,"ML",1.3,"Güzelyurt (Aksaray)",289013
"04/02/2015 17:27:52",34.2253,38.2123,7.03,0.71,"ML",1.5,"Merkez (Aksaray)",289001
"03/02/2015 19:15:17",35.1493,38.1003,7,0.51,"ML",1.6,"Merkez (Niğde)",288950
"02/02/2015 22:12:06",35.551,37.5516,7,0.35,"ML",1.6,"Kozan (Adana)",288904
"02/02/2015 16:50:29",35.545,37.5411,7,0.17,"ML",1.8,"Kozan (Adana)",288899
"02/02/2015 11:40:36",35.5628,37.5226,7,0.33,"ML",1.8,"Kozan (Adana)",288885
"02/02/2015 04:12:55",35.5518,37.5328,7,0.21,"ML",1.4,"Kozan (Adana)",288858
"01/02/2015 16:52:37",33.2485,37.3913,6.75,0.28,"ML",1.9,"Merkez (Karaman)",288837
"01/02/2015 15:27:18",33.277,37.3846,7.1,0.65,"ML",1.7,"Merkez (Karaman)",288836
"01/02/2015 07:42:24",35.5466,37.5328,7,0.47,"ML",1.4,"Kozan (Adana)",288821
"31/01/2015 09:20:03",34.428,37.0183,7,0.17,"ML",1,"Toroslar (Mersin)",288792
"31/01/2015 04:17:54",35.5361,37.5305,7,0.15,"ML",1.2,"Kozan (Adana)",288789
"31/01/2015 01:53:53",35.5665,37.518,7,0.24,"ML",1.5,"Kozan (Adana)",288779
"30/01/2015 17:55:57",35.5583,37.5303,7,0.34,"ML",1.7,"Kozan (Adana)",288769
"30/01/2015 12:50:01",35.5633,37.5276,7.01,0.42,"ML",1.9,"Kozan (Adana)",288762
"29/01/2015 23:19:05",35.5503,37.5325,7,0.35,"ML",1.3,"Kozan (Adana)",288727
"29/01/2015 20:35:00",35.569,37.7511,7,0.35,"ML",1.8,"Kozan (Adana)",288721
"29/01/2015 09:47:06",33.6743,38.9311,7.42,0.13,"ML",1.1,"Şereflikoçhisar (Ankara)",288685
"29/01/2015 03:48:34",35.5873,37.4853,7.03,0.9,"ML",1.9,"Kozan (Adana)",288673
"29/01/2015 03:48:00",35.5265,37.5025,6.99,0.45,"ML",1.7,"Kozan (Adana)",288672
"29/01/2015 01:38:54",35.5933,37.4673,7,0.3,"ML",1.4,"Kozan (Adana)",288665
"28/01/2015 14:58:42",35.5551,37.5343,7,0.35,"ML",1.2,"Kozan (Adana)",288628
"28/01/2015 14:21:48",35.574,37.5218,7,0.21,"ML",1.9,"Kozan (Adana)",288625
"28/01/2015 12:20:50",35.0545,37.3403,7,0.48,"ML",1.6,"Karaisalı (Adana)",288619
"28/01/2015 10:14:15",35.4965,37.4323,6.92,0.29,"ML",1.2,"Kozan (Adana)",288612
"27/01/2015 19:39:57",35.549,37.4871,7.11,0.35,"ML",1.7,"Kozan (Adana)",288578
"27/01/2015 04:25:31",35.559,37.5276,7,0.21,"ML",1.1,"Kozan (Adana)",288525
"27/01/2015 03:52:17",33.6196,38.7131,7.07,0.15,"ML",1.4,"Tuz Gölü - [09.18 km] Şereflikoçhisar (Ankara)",288531
"27/01/2015 00:50:16",35.9378,38.6028,6.96,0.3,"ML",1.9,"Bünyan (Kayseri)",288516
"26/01/2015 09:45:42",34.8765,37.0276,7,0.19,"ML",1.1,"Tarsus (Mersin)",288481
"25/01/2015 16:48:14",34.059,38.8423,6.99,0.31,"ML",1.2,"Ortaköy (Aksaray)",288432
"24/01/2015 13:13:40",35.4361,37.614,7,0.36,"ML",1.7,"Aladağ (Adana)",288351
"23/01/2015 13:55:03",35.657,37.5075,7,0.34,"ML",1.4,"Kozan (Adana)",288277
"22/01/2015 18:46:14",33.9275,38.4636,7.01,0.77,"ML",1.2,"Merkez (Aksaray)",288228
"22/01/2015 16:20:28",35.008,38.3396,7,0.75,"ML",1.7,"Yeşilhisar (Kayseri)",288218
"22/01/2015 16:13:46",33.7361,38.546,11.73,0.65,"ML",1.3,"Merkez (Aksaray)",288217
"21/01/2015 10:55:56",33.8726,38.437,7.02,0.23,"ML",2,"Merkez (Aksaray)",287261
"20/01/2015 20:56:10",33.865,38.4493,7.03,0.11,"ML",1.2,"Merkez (Aksaray)",287228
"20/01/2015 14:01:40",33.8531,38.4071,7.53,0.28,"ML",1.6,"Merkez (Aksaray)",287207
"20/01/2015 13:42:32",35.0966,38.4825,6.52,0.39,"ML",1.5,"Ürgüp (Nevşehir)",287205
"20/01/2015 13:27:02",33.8995,38.4431,8.52,0.23,"Mw",3.5,"Merkez (Aksaray)",287204
"20/01/2015 13:09:44",35.4435,37.6053,7,0.61,"ML",1.7,"Aladağ (Adana)",287203
"19/01/2015 18:05:16",35.6925,37.4988,6.84,0.51,"ML",1.1,"Kozan (Adana)",287162
"19/01/2015 14:41:09",35.7555,37.4985,7.01,0.79,"ML",1.6,"Kozan (Adana)",287149
"19/01/2015 04:50:41",33.7178,38.4903,12.52,0.18,"ML",1.4,"Merkez (Aksaray)",287129
"19/01/2015 03:30:19",33.9471,38.5906,7.28,0.71,"ML",1.4,"Merkez (Aksaray)",287126
"17/01/2015 13:18:56",35.6381,37.0341,6.46,0.44,"ML",1.7,"Sarıçam (Adana)",287010
"17/01/2015 07:10:06",35.9046,37.7675,7.1,0.37,"ML",1.1,"Feke (Adana)",286987
"15/01/2015 10:02:42",33.858,38.4323,11.17,0.4,"ML",2.2,"Merkez (Aksaray)",286869
"06/01/2015 22:52:03",34.7868,37.226,6.78,0.19,"ML",1.9,"Tarsus (Mersin)",286287
"06/01/2015 10:18:09",33.7248,38.9195,9.13,0.11,"ML",1.1,"Şereflikoçhisar (Ankara)",286259
"05/01/2015 18:21:26",33.0443,38.1463,7.02,0.33,"ML",1.7,"Karatay (Konya)",286236
"05/01/2015 10:15:54",34.0728,38.4246,7,0.17,"ML",1.2,"Merkez (Aksaray)",286226
"03/01/2015 14:23:17",33.0321,37.1161,4.2,0.18,"ML",2.8,"Merkez (Karaman)",286124
"03/01/2015 08:24:17",33.7313,38.934,5.13,0.28,"ML",1.4,"Şereflikoçhisar (Ankara)",286109
"01/01/2015 23:10:43",35.6435,37.0223,7.11,0.5,"ML",1.9,"Sarıçam (Adana)",286017
"01/01/2015 07:22:51",34.816,37.352,7.51,0.34,"ML",1.6,"Pozantı (Adana)",285980
"30/12/2014 16:28:51",35.4188,37.4866,3.21,0.34,"ML",1.7,"Aladağ (Adana)",285908
"28/12/2014 15:53:37",35.7011,37.4561,7,0.51,"ML",1.4,"Kozan (Adana)",285794
"28/12/2014 15:53:03",35.7673,37.5225,7,0.37,"ML",1.3,"Kozan (Adana)",285793
"27/12/2014 12:03:38",34.9933,37.3871,7,0.16,"ML",1.3,"Karaisalı (Adana)",285728
"25/12/2014 12:19:37",34.917,38.9991,7.08,0.19,"ML",1.4,"Avanos (Nevşehir)",285620
"25/12/2014 06:52:38",35.7625,37.6913,11.06,0.4,"Mw",3.2,"Kozan (Adana)",285602
"24/12/2014 09:33:27",35.4763,37.5615,6.99,0.8,"ML",1.9,"Aladağ (Adana)",285537
"24/12/2014 07:42:55",35.0961,37.3995,7,0.28,"ML",1.5,"Karaisalı (Adana)",285533
"21/12/2014 21:50:39",33.9571,38.3796,7.06,0.39,"ML",1.5,"Merkez (Aksaray)",285368
"21/12/2014 01:04:36",35.6453,37.5328,7,0.35,"ML",1.3,"Kozan (Adana)",285308
"20/12/2014 04:55:09",33.0311,37.4723,7.19,0.31,"ML",1.6,"Çumra (Konya)",285229
"20/12/2014 01:39:46",33.4686,38.3066,6.94,0.31,"ML",1.4,"Eskil (Aksaray)",285221
"19/12/2014 16:00:00",35.7766,38.999,6.99,0.19,"ML",1.4,"Bünyan (Kayseri)",285185
"19/12/2014 15:09:04",35.5881,38.8826,6.74,0.36,"ML",2.1,"Kocasinan (Kayseri)",285181
"18/12/2014 14:55:11",34.53,37.9265,7.22,0.64,"ML",1.2,"Bor (Niğde)",285091
"18/12/2014 14:04:28",35.0055,37.397,7,0.62,"ML",1.1,"Karaisalı (Adana)",285086
"18/12/2014 11:44:19",33.0365,38.1306,6.61,0.55,"ML",1.4,"Karatay (Konya)",285078
"17/12/2014 00:43:26",35.1755,37.585,7,0.7,"ML",1.4,"Aladağ (Adana)",284982
"16/12/2014 14:55:02",35.4208,37.6015,6.86,0.62,"ML",1.6,"Aladağ (Adana)",284950
"14/12/2014 14:46:28",35.4631,37.599,7,0.38,"ML",1,"Aladağ (Adana)",284018
"12/12/2014 21:23:59",35.9161,37.5646,7,0.34,"ML",1.4,"Kozan (Adana)",283878
"12/12/2014 18:54:19",35.9271,37.5528,7,0.29,"ML",1.2,"Kozan (Adana)",283868
"12/12/2014 18:15:07",35.9371,37.5531,7.07,0.49,"ML",1.7,"Kozan (Adana)",283867
"12/12/2014 08:58:59",33.739,38.9111,7.01,0.41,"ML",1.1,"Şereflikoçhisar (Ankara)",283830
"11/12/2014 16:18:42",35.1543,38.1073,7,0.25,"ML",1.2,"Merkez (Niğde)",283777
"11/12/2014 14:11:17",34.6985,37.8558,7,0.6,"ML",1.2,"Bor (Niğde)",283768
"11/12/2014 12:01:28",34.9543,37.6138,7,0.43,"ML",1.5,"Pozantı (Adana)",283763
"11/12/2014 09:02:07",35.9236,37.5273,7,0.55,"ML",1.4,"Kozan (Adana)",283752
"10/12/2014 02:11:47",35.2058,37.9301,7,0.28,"ML",1.4,"Çamardı (Niğde)",283667
"09/12/2014 16:55:21",35.5268,37.204,23.34,0.3,"ML",2.3,"Sarıçam (Adana)",283637
"08/12/2014 15:46:03",34.5055,37.9085,7.07,0.81,"ML",1.8,"Bor (Niğde)",283552
"07/12/2014 09:19:53",35.394,38.1225,6.58,0.26,"ML",2.3,"Yahyalı (Kayseri)",283429
"07/12/2014 01:30:23",35.4643,38.825,7.02,0.29,"ML",1.2,"Kocasinan (Kayseri)",283411
"06/12/2014 17:56:16",35.1085,37.8668,6.98,0.15,"ML",2,"Çamardı (Niğde)",283355
"06/12/2014 09:40:23",35.6401,38.663,7.01,0.53,"ML",2,"Talas (Kayseri)",283297
"04/12/2014 20:57:32",33.7018,38.64,10.39,0.28,"ML",1.5,"Merkez (Aksaray)",283123
"04/12/2014 05:00:40",35.0256,37.6801,7,0.29,"ML",1.5,"Çamardı (Niğde)",283084
"03/12/2014 19:29:25",35.9178,38.9388,7,0.1,"ML",1.4,"Bünyan (Kayseri)",283067
"03/12/2014 12:50:03",35.1008,38.4795,7.01,0.26,"ML",1.6,"Ürgüp (Nevşehir)",283039
"03/12/2014 11:03:14",34.8401,37.0275,6.66,0.7,"ML",1.1,"Tarsus (Mersin)",283032
"02/12/2014 21:55:33",34.0743,38.8448,7.01,0.41,"ML",1.5,"Ortaköy (Aksaray)",282996
"02/12/2014 14:31:47",35.5635,37.5825,7,0.41,"ML",1.3,"Kozan (Adana)",282979
"02/12/2014 13:40:05",35.6056,37.6006,7,0.4,"ML",1.2,"Kozan (Adana)",282975
"02/12/2014 11:54:15",34.4918,38.613,6.98,0.23,"ML",1.3,"Acıgöl (Nevşehir)",282968
"30/11/2014 20:42:43",35.8643,37.4531,7,0.39,"ML",1.7,"Kozan (Adana)",282854
"30/11/2014 19:11:15",35.847,37.5453,7,0.36,"ML",1.6,"Kozan (Adana)",282845
"30/11/2014 18:24:04",35.849,37.4278,7.01,0.58,"ML",2.3,"Kozan (Adana)",282843
"29/11/2014 08:24:25",35.9733,37.2016,6.96,0.4,"ML",2.2,"Ceyhan (Adana)",282740
"28/11/2014 22:56:25",35.9401,37.1511,7.01,0.37,"ML",2.2,"Ceyhan (Adana)",282723
"28/11/2014 12:41:35",33.6938,38.9991,7.07,0.17,"ML",1.3,"Evren (Ankara)",282688
"28/11/2014 10:05:07",34.8875,37.028,7,0.31,"Md",2.2,"Tarsus (Mersin)",282673
"28/11/2014 08:52:43",35.9585,37.1813,7,0.42,"ML",1.2,"Ceyhan (Adana)",282666
"27/11/2014 23:18:31",33.4661,38.7026,7.04,0.37,"ML",1,"Tuz Gölü - [28.11 km] Cihanbeyli (Konya)",282629
"25/11/2014 13:09:31",35.66,38.334,17.3,0.1,"ML",1.3,"Develi (Kayseri)",281463
"24/11/2014 22:43:07",33.7485,38.6793,6.37,0.23,"ML",1.3,"Ağaçören (Aksaray)",281424
"24/11/2014 10:03:52",35.7065,38.6623,6.96,0.76,"ML",2.1,"Talas (Kayseri)",281378
"24/11/2014 01:49:08",34.41,37.182,7,0.53,"ML",1.3,"Toroslar (Mersin)",281346
"23/11/2014 13:30:21",35.061,37.9806,7,0.17,"ML",1.2,"Çamardı (Niğde)",281303
"21/11/2014 14:31:28",34.0286,38.2351,6.48,0.6,"ML",1.5,"Merkez (Aksaray)",281171
"20/11/2014 12:12:38",34.4221,37.2048,7,0.22,"ML",1.8,"Çamlıyayla (Mersin)",281083
"19/11/2014 20:19:40",34.7106,37.1325,15.34,0.69,"ML",2.1,"Çamlıyayla (Mersin)",281042
"18/11/2014 15:10:16",35.6588,38.0998,7,0.31,"ML",1.6,"Develi (Kayseri)",280958
"18/11/2014 11:44:20",35.6003,37.9786,7,0.6,"ML",1.2,"Yahyalı (Kayseri)",280941
"17/11/2014 14:05:16",33.714,38.9161,7,0.36,"ML",1.2,"Şereflikoçhisar (Ankara)",280856
"16/11/2014 02:48:08",34.9918,37.76,5.84,0.47,"ML",1.9,"Çamardı (Niğde)",279772
"14/11/2014 10:40:05",35.9085,37.4561,7,0.54,"ML",1.2,"Kozan (Adana)",279640
"14/11/2014 10:23:33",35.6076,37.987,7,0.3,"ML",1.3,"Yahyalı (Kayseri)",279638
"13/11/2014 15:17:11",35.7328,38.9293,6.93,0.74,"ML",1.3,"Kocasinan (Kayseri)",279585
"13/11/2014 12:33:47",35.5671,37.739,7.01,0.15,"ML",1.3,"Kozan (Adana)",279580
"12/11/2014 14:38:08",34.1571,37.4713,8.75,0.11,"ML",1.9,"Ereğli (Konya)",279517
"12/11/2014 12:10:03",35.5748,37.7818,7,0.45,"ML",1.9,"Kozan (Adana)",279504
"12/11/2014 09:38:21",34.906,37.003,6.7,0.22,"ML",1.3,"Tarsus (Mersin)",279496
"11/11/2014 14:47:17",34.5908,37.9718,7,0.4,"ML",1,"Merkez (Niğde)",279454
"11/11/2014 14:39:43",34.7641,37.9126,7,0.17,"ML",1,"Merkez (Niğde)",279452
"11/11/2014 09:56:22",35.5076,37.7246,7,0.2,"ML",1,"Yahyalı (Kayseri)",279431
"11/11/2014 01:37:25",35.9535,37.4703,6.98,0.49,"ML",1.7,"Sumbas (Osmaniye)",279388
"10/11/2014 16:44:16",33.7255,38.9255,7,0.14,"ML",1.4,"Şereflikoçhisar (Ankara)",279351
"10/11/2014 14:31:28",35.806,38.6291,7,0.55,"ML",1.7,"Talas (Kayseri)",279349
"10/11/2014 11:45:26",34.8618,37.027,6.86,0.21,"Md",2,"Tarsus (Mersin)",279340
"10/11/2014 03:04:10",35.8415,37.4631,7,0.54,"ML",2.2,"Kozan (Adana)",279291
"09/11/2014 11:41:50",35.601,37.9868,7,0.3,"ML",1.4,"Yahyalı (Kayseri)",279269
"08/11/2014 14:58:14",34.008,38.2913,7,0.17,"ML",1.6,"Merkez (Aksaray)",279233
"08/11/2014 13:43:30",35.5058,37.6633,7,0.51,"ML",1.2,"Aladağ (Adana)",279228
"08/11/2014 11:42:28",35.605,37.9715,7,0.47,"ML",1.4,"Yahyalı (Kayseri)",279223
"08/11/2014 11:41:43",35.617,37.995,7,0.11,"ML",1.5,"Yahyalı (Kayseri)",279222
"07/11/2014 15:12:45",34.6213,38.0948,6.99,0.43,"ML",1.1,"Merkez (Niğde)",279171
"07/11/2014 09:53:19",34.0575,38.5261,7,0.19,"ML",1,"Merkez (Aksaray)",279154
"06/11/2014 21:38:43",35.9435,37.4808,7,0.55,"ML",1.8,"Sumbas (Osmaniye)",279120
"06/11/2014 15:04:44",34.5003,37.9405,7.08,0.24,"ML",1.5,"Bor (Niğde)",279105
"05/11/2014 13:18:42",35.558,37.5998,7,0.8,"ML",1.2,"Aladağ (Adana)",279027
"05/11/2014 13:11:03",35.552,37.5943,7,0.9,"ML",1.2,"Aladağ (Adana)",279024
"05/11/2014 05:47:26",35.9513,37.4283,7,0.38,"ML",1.5,"Sumbas (Osmaniye)",279010
"04/11/2014 15:28:50",35.974,37.9036,7.32,0.88,"ML",1.1,"Saimbeyli (Adana)",278981
"04/11/2014 13:20:14",35.7743,38.8118,21.19,0.11,"ML",1.8,"Melikgazi (Kayseri)",278974
"04/11/2014 03:00:27",35.9866,37.4956,7,0.57,"ML",1.4,"Sumbas (Osmaniye)",278951
"03/11/2014 22:05:46",35.9595,37.978,25.44,0.92,"ML",1.5,"Saimbeyli (Adana)",278940
"03/11/2014 19:19:20",35.9865,37.519,7,0.43,"ML",1.7,"Sumbas (Osmaniye)",278931
"03/11/2014 16:34:20",33.3476,37.2721,5.56,0.37,"ML",1.7,"Merkez (Karaman)",278927
"03/11/2014 15:56:42",33.7191,38.9218,7.21,0.17,"ML",1.5,"Şereflikoçhisar (Ankara)",278925
"03/11/2014 14:12:30",35.8078,38.9771,6.55,0.41,"ML",1.5,"Bünyan (Kayseri)",278920
"03/11/2014 11:02:44",35.9525,37.5051,7,0.28,"ML",1.6,"Sumbas (Osmaniye)",278911
"03/11/2014 08:43:27",35.9515,37.4386,7,0.17,"ML",1.7,"Sumbas (Osmaniye)",278902
"03/11/2014 06:44:57",35.9768,37.4863,6.99,0.67,"ML",2.5,"Sumbas (Osmaniye)",278901
"02/11/2014 18:33:04",35.1041,37.9066,7.02,0.45,"ML",2.2,"Çamardı (Niğde)",278876
"01/11/2014 14:16:48",34.7148,37.965,7.74,0.57,"ML",1.3,"Merkez (Niğde)",278823
"01/11/2014 11:45:52",35.5506,37.9566,7,0.6,"ML",1.6,"Yahyalı (Kayseri)",278813
"31/10/2014 12:20:51",34.8596,37.4296,7,0.69,"ML",1.5,"Pozantı (Adana)",278760
"31/10/2014 10:24:43",35.6308,38.0131,7.05,0.65,"ML",1.8,"Yahyalı (Kayseri)",278752
"30/10/2014 11:52:52",35.6141,37.9843,7,0.24,"ML",1.5,"Yahyalı (Kayseri)",278723
"29/10/2014 18:57:14",35.9605,37.4561,7,0.29,"ML",1.4,"Sumbas (Osmaniye)",278669
"29/10/2014 17:04:37",35.883,37.1205,15.42,0.41,"ML",1.4,"Ceyhan (Adana)",278663
"28/10/2014 14:35:33",35.6133,37.9701,7,0.12,"ML",1.8,"Yahyalı (Kayseri)",278598
"27/10/2014 14:36:12",33.7231,38.9228,6.99,0.18,"ML",1,"Şereflikoçhisar (Ankara)",278501
"27/10/2014 10:16:23",34.052,38.4193,7.16,0.21,"ML",1.2,"Merkez (Aksaray)",278492
"27/10/2014 10:14:03",34.914,37.258,7,0.51,"ML",1,"Tarsus (Mersin)",278489
"26/10/2014 09:49:37",35.602,37.5996,7,0.18,"ML",1.2,"Kozan (Adana)",278443
"25/10/2014 13:14:15",35.8663,38.7653,6.99,0.5,"ML",1.5,"Bünyan (Kayseri)",278378
"25/10/2014 01:32:55",35.1635,38.1003,6.96,0.13,"ML",1.8,"Merkez (Niğde)",278347
"22/10/2014 14:54:45",34.7983,37.0493,7.06,0.11,"ML",1.4,"Tarsus (Mersin)",278192
"22/10/2014 14:01:29",35.1988,38.712,6.99,0.52,"ML",1.1,"İncesu (Kayseri)",278190
"22/10/2014 13:38:18",34.8431,37.0398,7.19,0.21,"ML",1.3,"Tarsus (Mersin)",278185
"22/10/2014 13:33:34",33.7271,38.9203,7,0.1,"ML",1,"Şereflikoçhisar (Ankara)",278184
"22/10/2014 10:44:17",35.601,37.9823,7,0.3,"ML",1.4,"Yahyalı (Kayseri)",278177
"22/10/2014 10:43:50",35.5938,37.9783,7,0.4,"ML",1.4,"Yahyalı (Kayseri)",278176
"22/10/2014 08:35:31",34.736,37.9691,7,0.27,"ML",1,"Merkez (Niğde)",278165
"21/10/2014 09:18:17",35.4836,38.5428,7.01,0.8,"ML",1.6,"Melikgazi (Kayseri)",278103
"19/10/2014 06:59:57",34.5326,37.026,7,0.17,"ML",1.9,"Toroslar (Mersin)",277000
"18/10/2014 07:48:50",34.7658,37.9253,6.02,0.23,"ML",1.5,"Merkez (Niğde)",276929
"15/10/2014 08:55:36",34.7755,37.0136,7.07,0.1,"ML",1,"Tarsus (Mersin)",276747
"13/10/2014 13:45:33",34.8565,37.0206,6.67,0.22,"ML",1.4,"Tarsus (Mersin)",276600
"13/10/2014 07:53:47",35.7318,37.2021,7,0.46,"ML",1.5,"Ceyhan (Adana)",276582
"11/10/2014 11:51:13",33.038,38.4623,7.03,0.77,"ML",1.5,"Cihanbeyli (Konya)",276447
"10/10/2014 22:40:35",35.452,37.507,2.1,0.3,"ML",2.2,"Aladağ (Adana)",276406
"10/10/2014 22:07:54",35.476,37.4801,7,0.16,"ML",1.2,"Aladağ (Adana)",276403
"10/10/2014 07:15:30",35.9226,37.5658,7.01,0.34,"ML",1.8,"Kozan (Adana)",276369
"09/10/2014 19:30:04",34.425,37.0571,7,0.3,"ML",1.4,"Toroslar (Mersin)",276342
"08/10/2014 18:48:04",35.1018,37.4605,7,0.39,"ML",1.5,"Karaisalı (Adana)",276287
"08/10/2014 14:42:38",34.8808,37.0146,6.76,0.13,"ML",1,"Tarsus (Mersin)",276274
"08/10/2014 08:27:49",35.9398,37.5338,6.97,0.39,"ML",1.9,"Kozan (Adana)",276263
"08/10/2014 07:16:10",35.5958,37.756,6.92,0.24,"ML",1.6,"Kozan (Adana)",276262
"07/10/2014 12:53:05",35.526,37.59,7,0.32,"ML",1.3,"Aladağ (Adana)",276223
"07/10/2014 01:56:47",35.8228,37.1988,7,0.22,"ML",1.2,"Ceyhan (Adana)",276196
"06/10/2014 20:05:47",35.7235,37.5338,7.36,0.45,"ML",2.5,"Kozan (Adana)",276174
"06/10/2014 07:47:54",35.1876,37.8715,7.01,0.4,"ML",2,"Çamardı (Niğde)",276153
"05/10/2014 08:50:51",35.7741,38.9905,7.01,0.2,"ML",1.5,"Bünyan (Kayseri)",276105
"05/10/2014 08:28:58",35.7795,38.9833,7.01,0.11,"ML",1.7,"Bünyan (Kayseri)",276102
"05/10/2014 08:25:58",35.7183,38.973,6.4,0.1,"ML",1.3,"Bünyan (Kayseri)",276103
"03/10/2014 17:25:13",34.5356,37.0353,7,0.2,"ML",1.1,"Toroslar (Mersin)",275991
"02/10/2014 14:08:26",35.7768,38.324,7.01,0.22,"ML",1.5,"Tomarza (Kayseri)",275920
"02/10/2014 00:45:41",34.7246,38.1231,1.12,0.28,"ML",1.4,"Merkez (Niğde)",275882
"30/09/2014 16:52:03",35.7355,38.3351,10.77,0.41,"ML",2.2,"Tomarza (Kayseri)",275779
"30/09/2014 14:12:31",33.7366,38.915,6.98,0.35,"ML",1.1,"Şereflikoçhisar (Ankara)",275767
"30/09/2014 10:13:50",35.6196,37.581,7,0.18,"ML",1.5,"Kozan (Adana)",275759
"28/09/2014 10:47:17",35.6133,37.9895,7,0.38,"ML",1.6,"Yahyalı (Kayseri)",275670
"28/09/2014 09:43:19",35.642,38.0203,7,0.53,"ML",1.6,"Develi (Kayseri)",275668
"27/09/2014 15:43:37",35.5381,37.0111,7,0.17,"ML",2,"Sarıçam (Adana)",275633
"26/09/2014 08:43:40",34.8563,37.2955,6.95,0.39,"ML",1,"Tarsus (Mersin)",275570
"25/09/2014 12:36:17",35.744,38.6438,0,0.88,"ML",2.5,"Talas (Kayseri)",275500
"25/09/2014 10:44:30",35.5936,37.9816,7,0.31,"ML",1.1,"Yahyalı (Kayseri)",275495
"24/09/2014 21:58:57",35.4431,37.3441,6.97,0.18,"ML",1.3,"Aladağ (Adana)",275470
"24/09/2014 14:07:10",34.8455,37.0473,7,0.5,"ML",1.1,"Tarsus (Mersin)",275450
"24/09/2014 12:57:14",34.7283,37.0203,7.01,0.8,"ML",1.3,"Tarsus (Mersin)",275445
"23/09/2014 14:29:54",35.0126,37.6691,7,0.19,"ML",1.3,"Çamardı (Niğde)",275397
"23/09/2014 13:27:22",35.011,37.6646,7,0.1,"ML",1.3,"Çamardı (Niğde)",275396
"23/09/2014 11:01:49",35.5991,37.9818,7,0.25,"ML",1.4,"Yahyalı (Kayseri)",275394
"22/09/2014 23:01:31",35.713,37.075,7.01,0.15,"ML",1.4,"Ceyhan (Adana)",275372
"22/09/2014 20:16:31",35.587,38.9091,4.51,0.6,"ML",1.1,"Kocasinan (Kayseri)",275358
"22/09/2014 10:49:38",35.0051,38.9071,7.19,0.37,"ML",1.6,"Avanos (Nevşehir)",275331
"19/09/2014 05:31:13",34.4376,37.3926,7,0.89,"ML",1.5,"Toroslar (Mersin)",274108
"18/09/2014 12:51:51",34.5011,37.9563,6.96,0.45,"ML",1.6,"Bor (Niğde)",274071
"17/09/2014 23:52:05",34.9951,37.792,7,0.38,"ML",1.3,"Çamardı (Niğde)",274029
"17/09/2014 14:37:08",34.5591,37.6188,7.26,0.7,"ML",1.5,"Ulukışla (Niğde)",274007
"17/09/2014 12:26:29",33.6846,38.506,7.34,0.68,"ML",1,"Merkez (Aksaray)",274001
"16/09/2014 04:54:18",35.6216,38.0165,7,0.28,"ML",1.5,"Yahyalı (Kayseri)",273926
"15/09/2014 13:38:31",34.8563,37.0241,8.14,0.12,"ML",1.8,"Tarsus (Mersin)",273853
"13/09/2014 17:12:48",34.9823,37.8018,10.2,0.69,"ML",1.2,"Çamardı (Niğde)",273712
"13/09/2014 13:39:43",34.058,37.8943,6.98,0.29,"ML",1.5,"Ereğli (Konya)",273697
"12/09/2014 14:01:54",34.8186,37.0231,7.04,0.62,"ML",1.2,"Tarsus (Mersin)",273623
"12/09/2014 14:00:58",35.252,37.281,7,0.11,"ML",1.4,"Karaisalı (Adana)",273622
"12/09/2014 09:20:28",34.8381,37.0351,6.9,0.7,"ML",1.2,"Tarsus (Mersin)",273607
"12/09/2014 09:12:09",34.8473,37.0278,7.07,0.23,"ML",1.3,"Tarsus (Mersin)",273602
"11/09/2014 09:42:16",35.8043,38.9935,6.83,0.21,"ML",1.6,"Tuzla Gölü - [03.30 km] Sarıoğlan (Kayseri)",273529
"10/09/2014 15:38:25",34.6141,37.616,7,0.12,"ML",1.6,"Ulukışla (Niğde)",273499
"10/09/2014 09:39:14",33.736,37.72,17.5,0.4,"ML",1.7,"Karapınar (Konya)",273478
"10/09/2014 08:58:52",34.8448,37.0418,6.98,0.9,"ML",1.1,"Tarsus (Mersin)",273470
"09/09/2014 22:15:27",33.3143,37.8685,7,0.49,"ML",2,"Karapınar (Konya)",273435
"09/09/2014 22:03:47",33.3613,37.8813,7,0.6,"ML",2,"Karapınar (Konya)",273434
"09/09/2014 22:02:51",33.3175,37.851,6.01,0.5,"ML",1.5,"Karapınar (Konya)",273433
"06/09/2014 22:25:02",35.8025,38.3481,6.63,0.24,"ML",3.2,"Tomarza (Kayseri)",273229
"06/09/2014 00:14:27",34.3331,37.3458,10.58,0.44,"ML",2.2,"Halkapınar (Konya)",273169
"05/09/2014 09:53:08",35.6241,38.0691,7,0.4,"ML",1.3,"Develi (Kayseri)",273116
"05/09/2014 08:24:12",34.9105,38.9901,6.99,0.31,"ML",1.1,"Avanos (Nevşehir)",273110
"04/09/2014 11:49:21",35.1596,38.6943,6.9,0.54,"ML",1.1,"İncesu (Kayseri)",272030
"03/09/2014 22:06:31",34.894,37.5968,6.96,0.45,"ML",2,"Pozantı (Adana)",271990
"03/09/2014 15:37:11",34.6255,37.6368,7,0.14,"ML",1.1,"Ulukışla (Niğde)",271968
"03/09/2014 13:33:23",35.2478,37.981,6.91,0.18,"ML",2.5,"Çamardı (Niğde)",271957
"03/09/2014 10:13:41",34.9016,37.9581,7,0.63,"ML",1.2,"Çamardı (Niğde)",271950
"01/09/2014 17:05:33",35.8161,37.6735,5.66,0.76,"ML",2.1,"Kozan (Adana)",271830
"01/09/2014 16:53:05",35.9461,37.6678,18.39,0.25,"ML",1.8,"Kozan (Adana)",271828
"01/09/2014 11:03:07",35.8935,37.6703,6.95,0.7,"ML",2.3,"Kozan (Adana)",271812
"01/09/2014 00:49:07",35.8195,37.2045,7,0.71,"ML",1.3,"Ceyhan (Adana)",271784
"31/08/2014 10:45:16",35.6768,38.0826,6.7,0.13,"ML",1.5,"Develi (Kayseri)",271760
"29/08/2014 12:43:10",34.8783,37.0336,7.03,0.8,"ML",1.4,"Tarsus (Mersin)",271669
"28/08/2014 22:34:22",35.9078,37.56,7,0.23,"ML",1.3,"Kozan (Adana)",271627
"27/08/2014 18:46:33",33.8566,37.4075,7,0.8,"ML",1.7,"Ayrancı (Karaman)",271550
"25/08/2014 15:59:22",34.0251,38.4455,6.66,0.35,"ML",1.2,"Merkez (Aksaray)",271351
"24/08/2014 22:34:37",35.819,37.74,7.1,0.2,"ML",1.2,"Feke (Adana)",271245
"24/08/2014 14:29:15",35.7683,38.0888,7.04,0.74,"ML",1.9,"Develi (Kayseri)",271182
"24/08/2014 10:43:33",35.6435,38.046,7.07,0.18,"ML",1.4,"Develi (Kayseri)",271175
"24/08/2014 04:39:53",34.5261,37.1198,7,0.11,"ML",1.2,"Çamlıyayla (Mersin)",271159
"24/08/2014 03:39:26",35.6435,37.6805,7.02,0.6,"ML",1.9,"Kozan (Adana)",271155
"22/08/2014 09:58:23",34.9473,37.4551,7.05,0.25,"ML",1.7,"Pozantı (Adana)",271013
"21/08/2014 10:10:10",34.7821,38.6766,17.31,0.12,"ML",2.2,"Merkez (Nevşehir)",270941
"20/08/2014 15:28:53",35.7608,38.7023,7.04,0.31,"ML",2,"Talas (Kayseri)",270875
"20/08/2014 14:41:09",34.8481,37.0373,6.97,0.12,"ML",1.9,"Tarsus (Mersin)",270871
"19/08/2014 22:40:47",35.6806,37.5068,7.01,0.53,"ML",1.6,"Kozan (Adana)",270820
"18/08/2014 20:18:04",33.9671,38.9418,7,0.11,"ML",1.4,"Ortaköy (Aksaray)",270708
"18/08/2014 10:02:26",35.5508,38.6803,7.1,0.36,"ML",1.9,"Talas (Kayseri)",270672
"18/08/2014 09:34:11",34.8205,37.0325,6.9,0.16,"ML",1.1,"Tarsus (Mersin)",270668
"18/08/2014 09:24:32",35.9998,37.8951,27.35,0.27,"ML",2,"Saimbeyli (Adana)",270665
"18/08/2014 06:20:35",35.9373,37.8115,7,0.35,"ML",2.3,"Feke (Adana)",270656
"18/08/2014 06:19:04",35.9295,37.79,7.03,0.23,"ML",1.8,"Feke (Adana)",270655
"15/08/2014 08:38:11",34.8955,37.034,7,0.29,"ML",1.3,"Tarsus (Mersin)",268533
"12/08/2014 14:13:27",33.3685,38.6278,7.26,0.43,"ML",1.6,"Tuz Gölü - [25.33 km] Eskil (Aksaray)",268255
"11/08/2014 11:34:46",34.0593,38.2291,6.94,0.65,"ML",1.9,"Merkez (Aksaray)",268158
"10/08/2014 19:49:38",35.5861,37.885,7,0.28,"ML",1.6,"Yahyalı (Kayseri)",267425
"09/08/2014 16:13:30",35.88,37.839,7,0.3,"ML",1.7,"Feke (Adana)",267350
"09/08/2014 07:31:54",35.619,38.0103,7,0.4,"ML",1.5,"Yahyalı (Kayseri)",267328
"09/08/2014 04:30:18",35.9081,37.8785,19.47,0.5,"ML",1.4,"Feke (Adana)",267315
"08/08/2014 20:56:20",35.9035,37.6705,7,0.65,"ML",1.7,"Kozan (Adana)",267286
"08/08/2014 12:14:55",35.754,38.6316,20.18,0.19,"ML",2.7,"Talas (Kayseri)",267266
"07/08/2014 13:44:44",34.9218,38.9958,6.97,0.3,"ML",1.2,"Avanos (Nevşehir)",267211
"06/08/2014 07:25:59",34.8973,37.0066,8.39,0.27,"ML",1.1,"Berdan Barajı - [00.95 km] Tarsus (Mersin)",267107
"05/08/2014 13:11:00",35.955,38.0141,7.19,0.52,"ML",1.6,"Saimbeyli (Adana)",267063
"05/08/2014 10:46:41",35.6118,37.9663,7,0.26,"ML",1.7,"Yahyalı (Kayseri)",267058
"05/08/2014 10:46:03",35.5985,37.9626,7,0.12,"ML",1.3,"Yahyalı (Kayseri)",267059
"05/08/2014 10:45:31",35.6043,37.9621,7,0.17,"ML",1.6,"Feke (Adana)",267057
"03/08/2014 13:06:22",35.3838,37.6536,7,0.21,"ML",1.1,"Aladağ (Adana)",235500
"03/08/2014 10:31:28",35.8598,37.1616,9.75,0.5,"ML",2.2,"Ceyhan (Adana)",235482
"02/08/2014 14:43:13",35.5353,37.8928,7,0.22,"ML",1.3,"Yahyalı (Kayseri)",235440
"02/08/2014 05:21:51",35.2966,37.9275,7,0.19,"ML",1,"Yahyalı (Kayseri)",235413
"01/08/2014 09:13:37",34.909,37.0175,7,0.26,"ML",1.2,"Tarsus (Mersin)",235361
"31/07/2014 08:22:17",35.2143,37.3716,7,0.16,"ML",1.6,"Karaisalı (Adana)",235322
"31/07/2014 02:05:53",35.0938,37.2531,7.02,0.4,"ML",1.9,"Karaisalı (Adana)",235307
"30/07/2014 15:11:32",35.6245,38.0055,7,0.6,"ML",1.3,"Yahyalı (Kayseri)",235289
"28/07/2014 11:30:57",35.565,37.0175,6.94,0.83,"ML",1.6,"Sarıçam (Adana)",235168
"26/07/2014 19:41:23",35.6986,37.534,2.64,0.3,"ML",2.6,"Kozan (Adana)",235081
"25/07/2014 22:28:33",35.5898,38.931,4.94,0.2,"ML",1.6,"Kocasinan (Kayseri)",235026
"25/07/2014 16:39:43",35.5951,37.9755,7,0.12,"ML",1.6,"Yahyalı (Kayseri)",235005
"25/07/2014 12:53:21",34.9131,37.0158,7,0.26,"ML",1.3,"Tarsus (Mersin)",234989
"25/07/2014 02:27:00",35.4821,37.9868,7.04,0.3,"ML",2.2,"Yahyalı (Kayseri)",234971
"24/07/2014 23:27:14",34.8453,37.1451,7,0.7,"ML",1.3,"Tarsus (Mersin)",234956
"24/07/2014 14:57:04",35.7168,37.0795,6.94,0.3,"ML",1.5,"Ceyhan (Adana)",234936
"23/07/2014 10:00:40",34.8838,37.0373,7,0.8,"ML",1.4,"Tarsus (Mersin)",234863
"22/07/2014 09:23:07",34.3823,38.2455,6.94,0.18,"ML",1.6,"Güzelyurt (Aksaray)",234772
"21/07/2014 16:41:00",35.5875,38.0056,7,0.11,"ML",1.4,"Yahyalı (Kayseri)",234735
"21/07/2014 12:37:39",35.558,37.651,7,0.32,"ML",1.3,"Aladağ (Adana)",234726
"18/07/2014 23:29:25",35.965,37.3306,7,0.56,"ML",1.1,"Kadirli (Osmaniye)",234580
"18/07/2014 16:45:26",35.6166,37.9971,7,0.37,"ML",1.4,"Yahyalı (Kayseri)",234558
"18/07/2014 11:49:45",34.883,37.007,6.75,0.29,"Md",2.2,"Berdan Barajı - [01.54 km] Tarsus (Mersin)",234547
"18/07/2014 11:16:24",34.49,37.314,7,0.9,"Md",2.4,"Toroslar (Mersin)",234545
"18/07/2014 01:18:36",35.9156,37.0393,7,0.38,"ML",1.3,"Ceyhan (Adana)",234523
"16/07/2014 14:42:44",34.8538,37.968,6.93,0.42,"ML",1.6,"Merkez (Niğde)",234443
"16/07/2014 13:15:46",35.5866,37.6738,7,0.55,"ML",1.3,"Kozan (Adana)",234438
"15/07/2014 23:37:17",33.883,38.9493,9.82,0.52,"ML",2.1,"Sarıyahşi (Aksaray)",234404
"15/07/2014 16:46:28",35.6035,37.989,7,0.13,"ML",1.4,"Yahyalı (Kayseri)",234377
"15/07/2014 15:18:13",33.7431,38.9241,6.98,0.17,"ML",1,"Şereflikoçhisar (Ankara)",234364
"14/07/2014 10:11:55",33.6735,38.193,6.9,0.49,"ML",2,"Merkez (Aksaray)",233308
"11/07/2014 15:30:23",35.7458,38.9805,17.81,0.15,"ML",1.9,"Bünyan (Kayseri)",233115
"11/07/2014 13:15:52",35.6176,38.6933,7.31,0.26,"ML",2,"Melikgazi (Kayseri)",233109
"11/07/2014 09:19:06",34.8778,37.0215,6.86,0.33,"ML",1.3,"Tarsus (Mersin)",233099
"10/07/2014 16:54:48",35.6571,38.0216,7,0.18,"ML",1.3,"Develi (Kayseri)",233054
"09/07/2014 20:41:00",35.749,38.9645,12.97,0.36,"ML",1.6,"Bünyan (Kayseri)",232980
"07/07/2014 23:24:27",33.5196,37.7086,7.02,0.31,"ML",1.9,"Karapınar (Konya)",232822
"07/07/2014 09:38:28",33.2596,38.7285,7.11,0.38,"ML",1.6,"Tuz Gölü - [19.38 km] Cihanbeyli (Konya)",232774
"07/07/2014 06:53:15",34.8881,37.0195,7,0.16,"ML",1.2,"Tarsus (Mersin)",232765
"06/07/2014 12:58:52",35.4121,37.8746,7,0.58,"ML",1.4,"Yahyalı (Kayseri)",232718
"06/07/2014 10:44:30",34.1303,37.8566,7,0.5,"ML",1.4,"Ereğli (Konya)",232711
"05/07/2014 16:57:11",35.6201,38.0166,7,0.14,"ML",1,"Yahyalı (Kayseri)",232648
"05/07/2014 15:22:21",34.1718,37.462,3.52,0.37,"ML",2,"Halkapınar (Konya)",232644
"04/07/2014 11:15:35",34.0526,38.2073,7,0.98,"ML",1.7,"Merkez (Aksaray)",232591
"04/07/2014 07:44:32",35.0366,38.462,7.14,0.4,"ML",1.7,"Yeşilhisar (Kayseri)",232582
"03/07/2014 16:55:34",35.6195,38.0043,7.01,0.4,"ML",1.5,"Yahyalı (Kayseri)",232526
"03/07/2014 16:54:25",35.5921,37.9776,7,0.12,"ML",1.4,"Yahyalı (Kayseri)",232525
"03/07/2014 15:29:04",33.7181,38.9065,6.98,0.31,"ML",1.3,"Şereflikoçhisar (Ankara)",232519
"02/07/2014 16:58:00",35.6201,37.987,7,0.19,"ML",1.3,"Yahyalı (Kayseri)",232468
"02/07/2014 14:22:11",35.7911,37.0466,6.95,0.7,"ML",2.7,"Ceyhan (Adana)",232462
"01/07/2014 17:21:19",35.4685,38.3478,7.17,0.84,"ML",1.6,"Develi (Kayseri)",232412
"01/07/2014 16:21:24",35.4148,37.6445,7,0.13,"ML",1.8,"Aladağ (Adana)",232409
"30/06/2014 16:57:54",35.598,37.976,7,0.28,"ML",1.5,"Yahyalı (Kayseri)",232356
"29/06/2014 23:11:25",35.473,37.9958,8.01,0.63,"ML",2.6,"Yahyalı (Kayseri)",232307
"29/06/2014 20:45:18",34.9973,37.6683,7,0.3,"ML",1.9,"Çamardı (Niğde)",232297
"27/06/2014 15:07:21",34.6686,37.0193,7.08,0.53,"ML",1.1,"Tarsus (Mersin)",232151
"27/06/2014 12:02:37",33.8161,38.0906,7.5,0.6,"ML",1.9,"Merkez (Aksaray)",232139
"27/06/2014 10:51:49",34.333,38.2885,12.52,0.46,"ML",1.3,"Güzelyurt (Aksaray)",232136
"27/06/2014 09:07:20",34.871,38.9911,6.02,0.41,"ML",1.3,"Avanos (Nevşehir)",232128
"26/06/2014 04:14:59",35.6653,37.5133,7.01,0.25,"ML",2,"Kozan (Adana)",231068
"25/06/2014 04:23:26",35.9145,37.538,9.68,0.49,"ML",3,"Kozan (Adana)",230994
"24/06/2014 18:52:33",34.6103,37.0406,7,0.42,"ML",1.4,"Toroslar (Mersin)",230978
"23/06/2014 09:28:28",33.9158,38.1058,6.03,0.19,"ML",1.2,"Emirgazi (Konya)",230868
"22/06/2014 19:05:14",35.8816,37.8625,7,0.24,"ML",1.4,"Feke (Adana)",230828
"22/06/2014 13:38:27",35.3215,37.6336,7,0.29,"ML",1.2,"Aladağ (Adana)",230815
"21/06/2014 16:43:31",33.7445,38.9193,7,0.35,"ML",1.5,"Şereflikoçhisar (Ankara)",230770
"21/06/2014 11:16:43",35.9253,38.7708,6.96,0.76,"ML",1.6,"Bünyan (Kayseri)",230746
"21/06/2014 10:44:27",35.6335,37.9898,7,0.2,"ML",1.2,"Yahyalı (Kayseri)",230742
"21/06/2014 10:43:24",35.6098,38.0161,7,0.25,"ML",1.6,"Yahyalı (Kayseri)",230741
"20/06/2014 10:03:52",35.6226,37.9928,7,0.1,"ML",1.3,"Yahyalı (Kayseri)",230658
"20/06/2014 10:03:27",35.6136,37.9961,7,0.25,"ML",1.4,"Yahyalı (Kayseri)",230657
"20/06/2014 01:23:31",35.9316,37.802,7,0.22,"ML",1.3,"Feke (Adana)",230641
"19/06/2014 12:54:18",35.131,37.8678,7,0.4,"ML",1.9,"Çamardı (Niğde)",230611
"19/06/2014 09:58:01",34.8838,38.994,7,0.2,"ML",1.2,"Avanos (Nevşehir)",230595
"19/06/2014 05:21:38",35.6701,37.532,7.05,0.71,"ML",3,"Kozan (Adana)",230583
"18/06/2014 12:45:08",35.414,37.6553,7,0.19,"ML",1.2,"Aladağ (Adana)",230545
"18/06/2014 04:47:31",34.751,37.1041,6.66,0.42,"ML",1.4,"Tarsus (Mersin)",230520
"18/06/2014 00:00:26",35.5461,37.7565,7.15,0.72,"ML",1.1,"Kozan (Adana)",230494
"17/06/2014 10:46:37",35.6215,38.0016,7,0.44,"ML",1.5,"Yahyalı (Kayseri)",230452
"17/06/2014 10:46:01",35.6048,37.9655,7,0.2,"ML",1.6,"Yahyalı (Kayseri)",230451
"16/06/2014 13:19:03",35.5495,37.6623,7,0.19,"ML",1.2,"Aladağ (Adana)",230376
"16/06/2014 12:38:32",34.7531,37.3341,20.3,0.88,"ML",1.1,"Tarsus (Mersin)",230373
"16/06/2014 10:45:56",35.263,37.5153,7,0.48,"ML",2.1,"Aladağ (Adana)",230366
"16/06/2014 02:10:38",35.022,37.3381,7,0.19,"ML",1.3,"Karaisalı (Adana)",230339
"15/06/2014 20:54:55",35.5931,37.666,7,0.16,"ML",1.9,"Kozan (Adana)",230318
"15/06/2014 12:47:16",35.5356,37.6633,7,0.5,"ML",1.1,"Aladağ (Adana)",230299
"15/06/2014 12:34:01",35.54,37.6645,7,0.1,"ML",1.2,"Aladağ (Adana)",230297
"15/06/2014 09:45:08",35.1123,37.2518,7,0.57,"ML",1.2,"Karaisalı (Adana)",230292
"15/06/2014 09:21:34",35.1215,38.4706,6.94,0.9,"ML",1.5,"Yeşilhisar (Kayseri)",230288
"14/06/2014 18:30:10",35.9405,37.1436,6.97,0.65,"ML",1.7,"Ceyhan (Adana)",230224
"14/06/2014 13:45:29",33.3618,38.3326,7.02,0.18,"ML",1.6,"Eskil (Aksaray)",230202
"12/06/2014 12:45:41",35.4341,37.6615,7,0.23,"ML",1.4,"Aladağ (Adana)",230038
"10/06/2014 13:51:20",33.719,38.9301,7.21,0.26,"ML",1.1,"Şereflikoçhisar (Ankara)",229857
"10/06/2014 12:39:31",35.5613,37.6428,7,0.9,"ML",1.2,"Aladağ (Adana)",229853
"10/06/2014 01:03:20",35.7528,37.418,6.96,0.32,"ML",1.7,"Kozan (Adana)",229812
"09/06/2014 07:55:04",34.5611,37.0555,7.02,0.11,"ML",2.1,"Toroslar (Mersin)",229765
"06/06/2014 15:16:59",35.0106,37.637,7,0.32,"ML",2,"Pozantı (Adana)",229573
"06/06/2014 09:46:33",35.632,37.9903,7,0.36,"ML",1.3,"Yahyalı (Kayseri)",229552
"06/06/2014 09:46:09",35.626,38.0733,7,0.21,"ML",1.2,"Develi (Kayseri)",229553
"06/06/2014 08:59:59",34.7755,37.03,6.94,0.23,"ML",1.2,"Tarsus (Mersin)",229542
"05/06/2014 18:59:21",35.7885,37.1051,7,0.32,"ML",1.4,"Ceyhan (Adana)",229499
"05/06/2014 15:17:12",34.1931,37.427,0,0.48,"ML",2,"Halkapınar (Konya)",229487
"05/06/2014 13:52:31",34.9346,38.9856,7.06,0.4,"Mw",2.6,"Avanos (Nevşehir)",229484
"05/06/2014 10:40:30",35.0068,37.6613,7,0.33,"ML",1.5,"Pozantı (Adana)",229471
"04/06/2014 09:18:23",34.9296,38.9756,16.12,0.38,"Mw",2.5,"Avanos (Nevşehir)",229379
"03/06/2014 15:11:14",33.7093,38.9306,6.99,0.41,"ML",1.3,"Şereflikoçhisar (Ankara)",229320
"03/06/2014 13:13:57",34.7888,37.9413,7,0.22,"ML",1.5,"Merkez (Niğde)",229316
"02/06/2014 09:18:40",34.2133,38.3095,7.11,0.43,"ML",1.7,"Gülağaç (Aksaray)",229224
"01/06/2014 06:09:47",35.538,37.7265,7,0.14,"ML",1.9,"Yahyalı (Kayseri)",229090
"01/06/2014 05:58:51",35.5516,37.7346,6.97,0.17,"ML",2.3,"Kozan (Adana)",229086
"31/05/2014 07:26:43",35.04,38.4978,7.33,0.48,"ML",1.7,"Ürgüp (Nevşehir)",229004
"31/05/2014 06:50:59",35.0623,37.6551,7,0.28,"ML",1.2,"Çamardı (Niğde)",229002
"30/05/2014 19:08:50",34.4173,38.9215,6.87,0.23,"ML",1.5,"Mucur (Kırşehir)",228935
"30/05/2014 05:00:01",35.8008,38.8703,7.01,0.24,"ML",1.7,"Bünyan (Kayseri)",228853
"30/05/2014 04:59:58",35.833,38.9653,7,0.29,"ML",1.6,"Bünyan (Kayseri)",228850
"29/05/2014 11:07:01",34.8188,37.0221,6.4,0.39,"ML",1.2,"Tarsus (Mersin)",228778
"29/05/2014 10:42:27",35.627,38.01,7,0.3,"ML",1.5,"Yahyalı (Kayseri)",228776
"28/05/2014 00:38:16",34.9793,37.7218,6.98,0.7,"ML",1.1,"Çamardı (Niğde)",228575
"27/05/2014 21:40:27",34.7296,38.0776,6.9,0.15,"ML",1.2,"Merkez (Niğde)",228548
"27/05/2014 00:04:07",34.7816,37.2258,20.25,0.4,"ML",2.2,"Tarsus (Mersin)",227433
"26/05/2014 23:01:01",35.6463,37.5085,7,0.13,"ML",1.2,"Kozan (Adana)",227430
"26/05/2014 06:20:39",35.423,38.8648,5.83,0.13,"ML",1.6,"Kocasinan (Kayseri)",227309
"23/05/2014 10:01:40",35.6025,37.9978,7.25,0.63,"ML",1.6,"Yahyalı (Kayseri)",226701
"22/05/2014 16:42:21",33.7683,38.9418,7.01,0.24,"ML",1.3,"Sarıyahşi (Aksaray)",226657
"22/05/2014 13:07:22",35.4658,37.6661,7,0.17,"ML",1.6,"Aladağ (Adana)",226645
"21/05/2014 19:06:44",34.9941,37.4378,7,0.34,"ML",1.2,"Karaisalı (Adana)",226582
"21/05/2014 15:32:26",35.7658,38.6591,7.06,0.75,"ML",1.7,"Talas (Kayseri)",226608
"21/05/2014 14:52:19",34.1381,37.4575,6.78,0.17,"ML",1.7,"Ereğli (Konya)",226604
"21/05/2014 13:08:36",35.7601,38.295,7.59,0.2,"ML",1.8,"Tomarza (Kayseri)",226566
"21/05/2014 06:07:18",35.5436,37.094,6.76,0.6,"ML",1.7,"Sarıçam (Adana)",226537
"20/05/2014 15:52:23",35.4316,37.4626,7,0.57,"ML",1.7,"Aladağ (Adana)",226517
"19/05/2014 13:40:13",35.0201,37.8536,7,0.94,"ML",1.5,"Çamardı (Niğde)",226450
"15/05/2014 22:25:29",35.9998,37.4975,7.01,0.44,"ML",2.3,"Sumbas (Osmaniye)",226228
"15/05/2014 11:13:55",35.3918,38.1596,0,0.3,"ML",1.5,"Ağcaşar Barajı - [01.84 km] Yahyalı (Kayseri)",226195
"14/05/2014 14:10:11",35.7066,38.7191,6.91,0.33,"ML",2.6,"Melikgazi (Kayseri)",226145
"14/05/2014 10:49:16",35.629,38.0021,7.06,0.34,"ML",2,"Yahyalı (Kayseri)",226135
"14/05/2014 10:06:07",34.8615,37.0363,6.98,0.17,"ML",1,"Tarsus (Mersin)",226132
"14/05/2014 09:01:29",34.842,37.0328,4.38,0.12,"ML",1.2,"Tarsus (Mersin)",226119
"14/05/2014 08:09:18",35.5503,37.5,7,0.42,"ML",2,"Kozan (Adana)",226113
"13/05/2014 23:08:09",34.5893,37.1103,7,0.39,"ML",1.2,"Çamlıyayla (Mersin)",226095
"13/05/2014 20:48:46",35.156,38.1765,7.13,0.3,"ML",1.4,"Yeşilhisar (Kayseri)",226085
"13/05/2014 11:08:35",34.9406,38.9781,7.3,0.22,"ML",1.3,"Avanos (Nevşehir)",226053
"13/05/2014 06:42:32",34.0433,38.4985,6.94,0.3,"ML",1.1,"Merkez (Aksaray)",226028
"12/05/2014 19:51:12",33.2333,37.8976,6.52,0.44,"ML",1.4,"Karatay (Konya)",225975
"12/05/2014 16:22:27",33.2355,37.2828,6.98,0.29,"ML",1.1,"Merkez (Karaman)",226020
"12/05/2014 15:02:48",35.6321,37.9985,7,0.17,"ML",1.4,"Yahyalı (Kayseri)",225957
"12/05/2014 10:50:40",35.6118,37.998,7.16,0.36,"ML",1.4,"Yahyalı (Kayseri)",225939
"12/05/2014 01:26:46",35.2233,37.8486,7,0.28,"ML",1.3,"Çamardı (Niğde)",225907
"11/05/2014 12:14:49",35.3628,37.8985,7.13,0.27,"ML",2.7,"Yahyalı (Kayseri)",225866
"11/05/2014 10:53:27",35.5721,37.9446,6.98,0.16,"ML",1.6,"Yahyalı (Kayseri)",225863
"11/05/2014 10:46:15",35.6213,37.9851,7.26,0.18,"ML",1.8,"Yahyalı (Kayseri)",225862
"11/05/2014 01:49:36",33.6023,38.6798,9.48,0.19,"ML",1.4,"Tuz Gölü - [12.84 km] Şereflikoçhisar (Ankara)",225839
"10/05/2014 10:48:18",35.6161,38.015,7,0.34,"ML",1.2,"Yahyalı (Kayseri)",225797
"08/05/2014 13:26:40",35.1781,37.9568,7,0.7,"ML",1.4,"Çamardı (Niğde)",225691
"07/05/2014 07:26:21",34.8955,37.0068,6.03,0.27,"ML",1.1,"Berdan Barajı - [01.05 km] Tarsus (Mersin)",225603
"06/05/2014 10:47:21",35.6216,37.9826,7,0.2,"ML",1.5,"Yahyalı (Kayseri)",225528
"05/05/2014 09:16:55",35.6581,37.496,7.05,0.41,"ML",2,"Kozan (Adana)",225449
"04/05/2014 23:15:35",33.3751,38.9158,7.05,0.54,"ML",1.2,"Tuz Gölü - [08.28 km] Şereflikoçhisar (Ankara)",225421
"03/05/2014 10:43:04",35.5958,37.9778,7.08,0.37,"ML",1.7,"Yahyalı (Kayseri)",225337
"03/05/2014 09:15:33",34.7463,37.0383,6.83,0.51,"ML",1.1,"Tarsus (Mersin)",225330
"02/05/2014 12:31:55",34.779,37.9458,7.03,0.51,"ML",1.8,"Merkez (Niğde)",225278
"01/05/2014 10:06:28",34.8403,37.9808,7.02,0.1,"ML",1.5,"Merkez (Niğde)",225121
"30/04/2014 13:55:39",34.7511,37.946,6.85,0.23,"ML",1.5,"Merkez (Niğde)",225080
"30/04/2014 10:18:28",33.749,38.9231,7,0.32,"ML",1.1,"Şereflikoçhisar (Ankara)",225072
"30/04/2014 09:35:40",34.9048,37.0101,7,0.18,"ML",1.1,"Tarsus (Mersin)",225068
"30/04/2014 05:05:56",34.8831,37.3415,7.05,0.83,"ML",2,"Pozantı (Adana)",225057
"28/04/2014 15:28:28",34.7115,37.048,4.95,0.45,"ML",1.6,"Tarsus (Mersin)",224959
"26/04/2014 12:38:35",35.5276,37.6408,7,0.12,"ML",1.2,"Aladağ (Adana)",224828
"26/04/2014 10:47:18",35.575,37.9673,7.04,0.24,"ML",1.3,"Yahyalı (Kayseri)",224820
"26/04/2014 02:00:02",35.679,37.5541,6.95,0.21,"ML",1.5,"Kozan (Adana)",224799
"25/04/2014 13:18:48",34.679,37.0655,0.6,0.95,"ML",1.6,"Tarsus (Mersin)",224743
"25/04/2014 11:27:21",34.9285,38.9758,6.98,0.21,"ML",1.5,"Avanos (Nevşehir)",224730
"24/04/2014 15:52:16",34.6733,37.6933,7,0.29,"ML",1.5,"Bor (Niğde)",224665
"24/04/2014 04:15:20",35.9966,37.1555,7,0.59,"ML",1.8,"Ceyhan (Adana)",224644
"23/04/2014 15:06:39",34.8863,39,7.08,0.25,"ML",1.1,"Avanos (Nevşehir)",224618
"23/04/2014 12:49:23",35.0263,38.4255,6.88,0.65,"ML",1.6,"Yeşilhisar (Kayseri)",224607
"20/04/2014 13:40:19",35.5418,37.6596,7,0.19,"ML",1.2,"Aladağ (Adana)",224378
"20/04/2014 10:57:42",35.6375,38.0203,7,0.16,"ML",1.1,"Develi (Kayseri)",224367
"20/04/2014 09:23:11",34.657,37.1036,7.32,0.67,"ML",1.3,"Çamlıyayla (Mersin)",224361
"19/04/2014 10:47:01",35.6113,37.9036,7,0.45,"ML",1.4,"Feke (Adana)",224252
"18/04/2014 10:02:23",35.615,38.0133,7.13,0.5,"ML",1.3,"Yahyalı (Kayseri)",224177
"17/04/2014 13:59:25",35.6025,37.5815,7,0.13,"ML",1.5,"Kozan (Adana)",224083
"17/04/2014 13:41:24",35.1786,38.7148,7.01,0.42,"ML",1.3,"İncesu (Kayseri)",224082
"17/04/2014 10:58:46",33.7383,38.6241,8.97,0.1,"ML",1.6,"Merkez (Aksaray)",224075
"17/04/2014 07:17:15",34.0493,38.203,7,0.33,"ML",1.6,"Merkez (Aksaray)",224052
"16/04/2014 14:28:52",34.182,37.4288,5.17,0.27,"ML",1.8,"Halkapınar (Konya)",223993
"16/04/2014 12:48:07",34.9263,37.0496,7,0.13,"ML",1.1,"Tarsus (Mersin)",223985
"16/04/2014 12:37:34",34.8996,37.2838,7,0.17,"ML",1.5,"Tarsus (Mersin)",223984
"16/04/2014 11:37:46",35.537,37.682,7,0.31,"ML",1.2,"Kozan (Adana)",223975
"16/04/2014 10:55:40",35.612,37.9746,7,0.19,"ML",1.4,"Yahyalı (Kayseri)",223971
"16/04/2014 09:50:35",34.8986,37.021,7,0.12,"ML",1.3,"Tarsus (Mersin)",223967
"15/04/2014 13:38:41",34.728,37.99,7.12,0.47,"ML",1.7,"Merkez (Niğde)",223914
"15/04/2014 11:31:31",33.3915,37.6046,7,0.28,"ML",1.8,"Karapınar (Konya)",223906
"15/04/2014 11:27:21",33.3888,37.5648,6.87,0.33,"ML",1.8,"Karapınar (Konya)",223904
"15/04/2014 11:11:41",34.8786,38.9995,7.06,0.8,"ML",1.2,"Avanos (Nevşehir)",223903
"15/04/2014 10:29:23",35.1473,38.8811,6.41,0.42,"ML",1.3,"Kocasinan (Kayseri)",222901
"14/04/2014 21:24:08",33.3181,37.4371,7.3,0.5,"ML",1.7,"Merkez (Karaman)",222861
"14/04/2014 19:07:43",33.5408,37.3596,7.81,0.34,"ML",1.7,"Merkez (Karaman)",222854
"14/04/2014 13:18:14",35.693,38.7428,6.74,0.75,"ML",1.8,"Melikgazi (Kayseri)",222836
"14/04/2014 12:34:07",33.3775,37.5865,6.98,0.43,"ML",1.9,"Karapınar (Konya)",222834
"12/04/2014 22:08:34",35.8678,37.3868,7.13,0.47,"ML",2.3,"Kozan (Adana)",222710
"12/04/2014 18:58:16",35.8536,37.7641,7,0.13,"ML",1.6,"Feke (Adana)",222699
"12/04/2014 10:54:38",35.5661,37.9503,7,0.39,"ML",1.6,"Yahyalı (Kayseri)",222679
"12/04/2014 03:44:27",35.8463,37.7703,7,0.1,"ML",1,"Feke (Adana)",222662
"10/04/2014 13:47:45",34.7201,37.9511,6.92,0.12,"ML",1.4,"Merkez (Niğde)",222495
"10/04/2014 12:39:22",35.4571,37.6496,7,0.51,"ML",1.4,"Aladağ (Adana)",222488
"09/04/2014 23:22:35",35.3556,37.4873,1.55,0.44,"ML",1.7,"Aladağ (Adana)",222449
"09/04/2014 14:16:15",34.7021,37.0491,6.95,0.34,"ML",1.3,"Tarsus (Mersin)",222431
"09/04/2014 14:09:26",34.7046,37.0473,6.82,0.34,"ML",1.4,"Tarsus (Mersin)",222430
"09/04/2014 12:12:05",34.9101,37.0303,7,0.2,"ML",1.3,"Tarsus (Mersin)",222419
"09/04/2014 04:13:07",33.3728,38.3473,6.2,0.65,"ML",2.1,"Eskil (Aksaray)",222379
"08/04/2014 04:01:00",35.8921,37.016,7.03,0.6,"ML",1.4,"Ceyhan (Adana)",222292
"08/04/2014 03:59:52",35.8428,37.0245,7,0.49,"ML",1.5,"Ceyhan (Adana)",222291
"07/04/2014 20:09:32",33.1523,38.7741,6.95,0.28,"ML",1.6,"Tuz Gölü - [10.33 km] Cihanbeyli (Konya)",222259
"07/04/2014 19:51:46",35.9666,37.3025,7,0.57,"ML",1.4,"Kadirli (Osmaniye)",222257
"07/04/2014 17:57:59",33.154,38.7856,6.93,0.46,"ML",1,"Tuz Gölü - [10.71 km] Cihanbeyli (Konya)",222243
"07/04/2014 10:56:09",34.9041,38.9968,7,0.31,"ML",1.1,"Avanos (Nevşehir)",222214
"07/04/2014 06:40:56",34.0761,38.2455,7.01,0.65,"ML",1.7,"Merkez (Aksaray)",222196
"05/04/2014 14:59:07",34.664,37.09,7.01,0.6,"ML",1.3,"Çamlıyayla (Mersin)",222120
"05/04/2014 14:55:06",33.332,37.0388,7.28,0.2,"ML",1.7,"Merkez (Karaman)",222119
"05/04/2014 09:20:56",35.7578,38.6253,7.57,0.78,"ML",1.9,"Talas (Kayseri)",222098
"05/04/2014 06:04:50",33.5483,38.8126,2.47,0.28,"ML",1.8,"Şereflikoçhisar (Ankara)",222086
"04/04/2014 19:08:02",35.2945,38.1133,18.44,0.21,"ML",1.2,"Yahyalı (Kayseri)",222065
"04/04/2014 11:36:24",34.9281,38.9818,9.34,0.17,"ML",1.1,"Avanos (Nevşehir)",222035
"04/04/2014 10:30:56",35.6298,37.9976,7,0.1,"ML",1.1,"Yahyalı (Kayseri)",222031
"03/04/2014 10:16:30",35.7525,38.9548,5.09,0.84,"ML",1.5,"Bünyan (Kayseri)",221964
"02/04/2014 10:13:49",35.7481,38.6378,7.06,0.34,"ML",1.3,"Talas (Kayseri)",221877
"01/04/2014 10:53:26",35.6153,37.985,7,0.15,"ML",1.6,"Yahyalı (Kayseri)",221811
"31/03/2014 16:37:08",35.6491,37.5158,7,0.7,"ML",1.2,"Kozan (Adana)",221762
"31/03/2014 13:42:41",35.7315,38.6425,6.98,0.23,"ML",1.5,"Talas (Kayseri)",221748
"31/03/2014 03:33:46",35.675,37.5598,7,0.16,"ML",1.4,"Kozan (Adana)",221714
"29/03/2014 11:49:11",35.5883,37.9911,7,0.17,"ML",1,"Yahyalı (Kayseri)",221576
"29/03/2014 05:08:33",35.5913,37.8651,7,0.42,"ML",1.6,"Yahyalı (Kayseri)",221542
"28/03/2014 19:33:18",35.4976,37.2758,7,0.26,"ML",2.1,"İmamoğlu (Adana)",221499
"28/03/2014 13:50:30",35.168,38.1628,7,0.27,"ML",1.4,"Yeşilhisar (Kayseri)",221479
"27/03/2014 14:50:29",35.4136,37.6718,7,0.22,"ML",1.6,"Aladağ (Adana)",221407
"25/03/2014 11:06:22",34.0361,38.3446,6.02,0.36,"ML",1.5,"Merkez (Aksaray)",221167
"24/03/2014 14:20:04",35.7813,38.6335,7.01,0.5,"ML",1.9,"Talas (Kayseri)",221111
"24/03/2014 08:04:10",34.0315,38.1733,6.77,0.17,"ML",1.9,"Merkez (Aksaray)",221081
"23/03/2014 15:22:58",35.603,38.0798,6.09,0.79,"ML",1.6,"Develi (Kayseri)",221059
"23/03/2014 02:36:32",35.5406,37.5296,7,0.17,"ML",1.1,"Kozan (Adana)",221013
"22/03/2014 14:15:32",35.5235,37.597,7,0.11,"ML",1,"Aladağ (Adana)",220976
"19/03/2014 15:45:08",34.8756,37.0188,6.96,0.27,"ML",1.2,"Tarsus (Mersin)",219805
"19/03/2014 12:20:08",34.8973,38.9948,7,0.3,"ML",1.4,"Avanos (Nevşehir)",219788
"19/03/2014 09:58:02",34.877,38.9888,7,0.38,"ML",1.5,"Avanos (Nevşehir)",219773
"19/03/2014 01:17:07",35.1245,37.946,7,0.23,"ML",1,"Çamardı (Niğde)",219752
"17/03/2014 13:41:21",35.4138,37.6666,7,0.37,"ML",1.5,"Aladağ (Adana)",218691
"17/03/2014 10:07:59",35.742,38.6256,7.03,0.13,"ML",1.7,"Talas (Kayseri)",217699
"16/03/2014 14:32:20",35.4521,37.6986,7,0.73,"ML",1.2,"Aladağ (Adana)",217643
"16/03/2014 00:07:46",35.7495,38.9223,7.43,0.48,"ML",1.3,"Kocasinan (Kayseri)",217621
"15/03/2014 20:56:18",35.6743,37.1918,7.03,0.26,"ML",1.6,"Ceyhan (Adana)",217615
"15/03/2014 14:36:26",35.4358,37.6728,7,0.62,"ML",1.8,"Aladağ (Adana)",217603
"15/03/2014 11:29:24",34.7165,37.0403,10.5,0.86,"ML",1.9,"Tarsus (Mersin)",217595
"14/03/2014 13:19:15",34.7126,37.0065,6.94,0.71,"ML",1,"Tarsus (Mersin)",217507
"14/03/2014 10:23:12",34.7495,37.967,6.97,0.33,"ML",1.5,"Merkez (Niğde)",217481
"12/03/2014 13:53:03",34.9076,37.0285,7,0.26,"ML",1.2,"Tarsus (Mersin)",217376
"12/03/2014 13:31:46",34.9278,37.0258,7,0.1,"ML",1.1,"Tarsus (Mersin)",217375
"12/03/2014 09:41:32",35.0396,37.3128,7,0.56,"ML",1.3,"Karaisalı (Adana)",217362
"11/03/2014 20:12:51",35.8601,37.763,7.01,0.47,"ML",1.6,"Feke (Adana)",217327
"08/03/2014 09:58:03",35.8458,37.7715,6.98,0.26,"ML",1.7,"Feke (Adana)",217146
"07/03/2014 12:43:44",34.7635,38.6895,2.03,0.71,"ML",1.4,"Merkez (Nevşehir)",217098
"07/03/2014 11:44:32",33.3963,38.6795,6.99,0.44,"ML",1.3,"Tuz Gölü - [21.68 km] Cihanbeyli (Konya)",217091
"07/03/2014 04:08:50",35.8638,37.7708,7,0.29,"ML",1.5,"Feke (Adana)",217054
"07/03/2014 01:29:21",35.8473,37.7665,4.99,0.12,"ML",2.6,"Feke (Adana)",217044
"06/03/2014 21:50:36",35.9921,37.926,23.13,0.34,"ML",1.3,"Saimbeyli (Adana)",217032
"06/03/2014 18:56:07",34.7041,38.0615,7.02,0.11,"ML",1.6,"Merkez (Niğde)",217023
"06/03/2014 16:48:50",35.8281,37.7608,6.91,0.15,"ML",2,"Feke (Adana)",217020
"06/03/2014 13:40:01",35.8378,37.7513,6.7,0.25,"ML",2.8,"Feke (Adana)",217012
"05/03/2014 16:00:58",35.9363,37.7595,7,0.94,"ML",1.5,"Feke (Adana)",216967
"04/03/2014 07:46:00",34.6806,37.0811,7,0.36,"ML",1.8,"Çamlıyayla (Mersin)",216851
"03/03/2014 08:52:40",35.8285,37.7478,7.01,0.23,"ML",1.9,"Feke (Adana)",216800
"01/03/2014 15:37:05",33.428,38.7418,7.17,0.23,"ML",1.3,"Tuz Gölü - [13.62 km] Şereflikoçhisar (Ankara)",216699
"01/03/2014 14:08:35",35.435,37.6636,7,0.88,"ML",1.4,"Aladağ (Adana)",216688
"01/03/2014 10:42:18",35.7618,38.6335,6.92,0.64,"ML",1.6,"Talas (Kayseri)",216672
"28/02/2014 14:21:26",34.5113,37.9051,6.88,0.45,"ML",1.2,"Bor (Niğde)",216583
"28/02/2014 12:35:35",34.7676,38.668,6.49,0.64,"ML",1.4,"Merkez (Nevşehir)",216568
"27/02/2014 10:27:02",35.7235,38.6523,6.94,0.34,"ML",1.7,"Talas (Kayseri)",216499
"27/02/2014 10:09:44",35.6858,38.7233,6.56,0.45,"ML",1.5,"Melikgazi (Kayseri)",216498
"26/02/2014 22:50:38",35.061,37.7433,13.26,0.41,"ML",1.6,"Çamardı (Niğde)",216451
"25/02/2014 11:54:47",35.0458,37.3871,7.01,0.14,"ML",1.5,"Karaisalı (Adana)",216353
"24/02/2014 13:48:21",34.8485,37.9761,7,0.2,"ML",1.6,"Merkez (Niğde)",216314
"24/02/2014 11:37:09",34.7536,37.9825,7,0.4,"ML",1.5,"Merkez (Niğde)",216306
"23/02/2014 16:22:20",35.3901,37.6855,7,0.42,"ML",1.2,"Aladağ (Adana)",216276
"23/02/2014 02:23:33",34.4253,37.2125,7,0.9,"ML",1.1,"Çamlıyayla (Mersin)",216237
"22/02/2014 14:49:34",33.6258,38.9613,6.98,0.36,"ML",1.1,"Şereflikoçhisar (Ankara)",216188
"22/02/2014 13:38:53",35.6693,37.5258,7,0.41,"ML",1.3,"Kozan (Adana)",216183
"22/02/2014 10:13:35",34.7308,37.0608,7.19,0.31,"ML",2.1,"Tarsus (Mersin)",216170
"22/02/2014 09:46:37",35.4713,37.5898,7,0.2,"ML",1.6,"Aladağ (Adana)",216166
"21/02/2014 16:27:27",35.4288,37.6788,7,0.37,"ML",1.6,"Aladağ (Adana)",216136
"21/02/2014 12:31:12",34.8851,38.9945,7.02,0.27,"ML",1.7,"Avanos (Nevşehir)",216121
"21/02/2014 08:51:55",33.8518,38.4981,5.48,0.21,"ML",1.3,"Merkez (Aksaray)",216109
"20/02/2014 14:07:37",33.984,38.9755,6.11,0.11,"Md",2.4,"Ortaköy (Aksaray)",216053
"19/02/2014 12:09:10",35.438,37.494,1,0.3,"ML",1.7,"Aladağ (Adana)",215981
"18/02/2014 23:26:33",34.5111,38.0025,7.09,0.34,"ML",1.3,"Bor (Niğde)",215944
"18/02/2014 13:45:39",34.7098,37.0945,29.01,0.41,"ML",2.9,"Çamlıyayla (Mersin)",215909
"18/02/2014 10:18:18",34.7393,37.9616,6.99,0.37,"ML",1.9,"Merkez (Niğde)",215891
"18/02/2014 09:29:05",34.8413,38.9998,7,0.31,"ML",1.2,"Avanos (Nevşehir)",215882
"18/02/2014 08:34:15",35.0135,38.8383,6.84,0.38,"ML",1.8,"Kocasinan (Kayseri)",215879
"17/02/2014 09:39:01",34.9088,37.0283,11.13,0.11,"ML",1.7,"Tarsus (Mersin)",215820
"16/02/2014 14:56:04",35.39,37.6583,7,0.26,"ML",1.4,"Aladağ (Adana)",214883
"15/02/2014 23:09:35",35.9205,37.4075,7,0.35,"ML",1.2,"Kozan (Adana)",214832
"15/02/2014 13:46:41",35.5645,37.7271,7.05,0.3,"ML",1.5,"Kozan (Adana)",214804
"13/02/2014 21:50:03",35.9465,37.5876,5.08,0.41,"ML",1.9,"Kozan (Adana)",214707
"13/02/2014 09:46:32",35.5628,37.666,7,0.12,"ML",1,"Aladağ (Adana)",214676
"10/02/2014 13:31:34",34.9615,38.979,6.96,0.4,"ML",1.7,"Avanos (Nevşehir)",214493
"09/02/2014 14:57:45",35.3768,37.6868,7,0.4,"ML",1.4,"Aladağ (Adana)",214450
"09/02/2014 09:49:21",35.364,37.5896,7,0.19,"ML",1.7,"Aladağ (Adana)",214428
"09/02/2014 07:47:39",35.223,37.753,7,0.42,"ML",2,"Yahyalı (Kayseri)",214424
"07/02/2014 15:07:05",35.3071,37.6608,7,0.16,"ML",1,"Aladağ (Adana)",214344
"07/02/2014 14:56:23",34.668,37.081,17.5,0.6,"ML",2.6,"Tarsus (Mersin)",214339
"07/02/2014 13:54:46",35.4388,37.6493,7,0.41,"ML",1.4,"Aladağ (Adana)",214334
"07/02/2014 11:57:56",34.237,38.1003,7.75,0.45,"ML",1.9,"Altunhisar (Niğde)",214320
"05/02/2014 18:57:06",35.7901,37.0656,7.01,0.67,"ML",1.5,"Ceyhan (Adana)",214198
"05/02/2014 16:00:45",35.5695,37.1585,6.86,0.59,"ML",1.4,"Sarıçam (Adana)",214192
"05/02/2014 14:50:59",35.7186,37.0196,7.1,0.48,"ML",2,"Ceyhan (Adana)",214187
"05/02/2014 13:07:12",34.0221,38.4205,6.55,0.1,"ML",1.1,"Merkez (Aksaray)",214179
"05/02/2014 10:44:21",35.0238,38.4588,6.96,0.14,"ML",1.5,"Yeşilhisar (Kayseri)",214168
"04/02/2014 13:33:56",34.9173,38.9726,7.04,0.33,"ML",1.4,"Avanos (Nevşehir)",214107
"04/02/2014 10:12:16",35.7925,38.6433,7.02,0.53,"ML",2,"Talas (Kayseri)",214094
"03/02/2014 14:49:11",35.4015,37.6626,7,0.4,"ML",1.5,"Aladağ (Adana)",214056
"02/02/2014 17:44:24",34.017,38.7785,6.94,0.28,"ML",1.7,"Ortaköy (Aksaray)",214015
"28/01/2014 15:34:44",35.3846,37.6585,7,0.3,"ML",1.7,"Aladağ (Adana)",213769
"28/01/2014 09:44:13",35.3843,37.5788,7,0.44,"ML",1.5,"Aladağ (Adana)",213761
"27/01/2014 23:05:11",34.468,37.3463,7,0.14,"ML",1,"Çamlıyayla (Mersin)",213725
"27/01/2014 10:17:38",35.5298,37.6853,7,0.26,"ML",1.6,"Kozan (Adana)",213684
"26/01/2014 15:03:09",35.3426,37.6458,7,0.11,"ML",1.4,"Aladağ (Adana)",213652
"26/01/2014 02:52:51",35.7815,37.1243,7,0.47,"ML",1.7,"Ceyhan (Adana)",213624
"25/01/2014 15:38:14",35.3761,38.1403,7.21,0.22,"ML",1.5,"Yahyalı (Kayseri)",213594
"24/01/2014 13:54:55",34.6356,37.1238,21.41,0.41,"ML",2.4,"Çamlıyayla (Mersin)",212548
"24/01/2014 01:28:21",33.7405,38.657,6.38,0.8,"ML",1,"Merkez (Aksaray)",212490
"23/01/2014 16:40:16",35.4198,37.3261,6.61,0.76,"ML",1.2,"Karaisalı (Adana)",212451
"22/01/2014 13:51:58",35.4513,37.6481,7,0.36,"ML",1.7,"Aladağ (Adana)",212370
"22/01/2014 11:30:57",34.7033,37.048,6.88,0.12,"ML",1.8,"Tarsus (Mersin)",212361
"22/01/2014 00:56:00",35.6648,37.5263,7,0.29,"ML",1.9,"Kozan (Adana)",212333
"22/01/2014 00:04:37",35.7243,37.4773,7,0.3,"ML",1.5,"Kozan (Adana)",212330
"20/01/2014 15:01:30",34.702,37.071,5.5,0.5,"ML",2,"Çamlıyayla (Mersin)",211298
"20/01/2014 11:18:52",35.9096,37.1961,6.99,0.53,"ML",1.9,"Kadirli (Osmaniye)",211284
"19/01/2014 15:19:33",35.5445,37.689,7,0.23,"Md",1.5,"Kozan (Adana)",211230
"18/01/2014 15:13:35",35.5028,37.6645,7,0.7,"ML",1.6,"Aladağ (Adana)",211153
"18/01/2014 14:29:29",34.8255,37.9828,7,0.29,"ML",1.1,"Merkez (Niğde)",211150
"18/01/2014 05:54:52",35.6716,37.5173,6.95,0.37,"ML",1.4,"Kozan (Adana)",211116
"17/01/2014 12:37:08",33.735,38.9253,6.97,0.8,"ML",1,"Şereflikoçhisar (Ankara)",211068
"16/01/2014 15:00:28",35.4716,37.6786,7,0.43,"ML",1,"Aladağ (Adana)",211007
"16/01/2014 09:57:39",35.1763,38.4908,7.13,0.15,"ML",1.8,"İncesu (Kayseri)",210979
"15/01/2014 12:47:19",33.714,38.9273,7,0.7,"ML",1,"Şereflikoçhisar (Ankara)",210898
"15/01/2014 09:30:56",34.8803,37.017,6.88,0.13,"ML",1.3,"Tarsus (Mersin)",210965
"14/01/2014 14:54:36",35.434,37.577,20.2,0.3,"Md",2.2,"Aladağ (Adana)",210851
"13/01/2014 14:12:42",34.9685,37.6621,7,0.27,"Md",2.2,"Çamardı (Niğde)",210782
"13/01/2014 03:30:12",35.7725,37.1096,7,0.23,"ML",1.4,"Ceyhan (Adana)",210749
"12/01/2014 09:50:36",35.0398,37.3376,7,0.66,"ML",1.5,"Karaisalı (Adana)",210687
"12/01/2014 05:55:37",35.1833,38.0683,6.06,0.38,"ML",1.7,"Merkez (Niğde)",210680
"11/01/2014 06:21:55",35.1676,37.2105,7,0.7,"ML",1.3,"Karaisalı (Adana)",210616
"09/01/2014 05:08:32",35.141,37.9781,7.25,0.28,"ML",2,"Çamardı (Niğde)",210471
"08/01/2014 10:45:24",35.4231,37.6055,7,0.71,"ML",1.6,"Aladağ (Adana)",210426
"08/01/2014 09:39:07",35.5,37.6171,7,0.6,"Md",1.8,"Aladağ (Adana)",210427
"07/01/2014 14:55:14",35.3958,37.6856,7,0.29,"Md",2.2,"Aladağ (Adana)",210373
"07/01/2014 13:16:29",34.6843,37.0646,1.07,0.38,"ML",2.4,"Tarsus (Mersin)",210411
"04/01/2014 17:01:04",33.6161,38.718,6.25,0.6,"ML",1.1,"Tuz Gölü - [09.08 km] Şereflikoçhisar (Ankara)",210158
"03/01/2014 15:05:06",34.8575,37.0296,6.86,0.16,"ML",1.4,"Tarsus (Mersin)",210106
"03/01/2014 14:52:17",35.42,37.697,0.7,0.5,"ML",1.2,"Yahyalı (Kayseri)",210104
"03/01/2014 14:51:15",35.443,37.69,7.1,0.5,"ML",1.4,"Aladağ (Adana)",210103
"21/12/2013 14:46:13",34.0396,38.704,6.82,0.21,"ML",1.7,"Ortaköy (Aksaray)",209985
"17/12/2013 20:28:54",35.9731,37.2321,7.16,0.58,"ML",1.8,"Kadirli (Osmaniye)",209936
"11/12/2013 22:29:55",34.9088,38.2001,7.01,0.15,"ML",1.4,"Merkez (Niğde)",209877
"11/12/2013 20:52:39",34.8298,38.1495,9.45,0.43,"ML",2.1,"Merkez (Niğde)",209871
"02/12/2013 02:36:16",35.1351,37.0923,6.95,0.62,"ML",1.5,"Çukurova (Adana)",209766
"01/12/2013 21:00:31",35.9756,37.849,7,0.29,"ML",1,"Feke (Adana)",209726
"30/11/2013 09:39:32",35.2111,38.1745,7,0.15,"ML",1.6,"Yeşilhisar (Kayseri)",209701
"29/11/2013 10:27:54",35.6176,37.9836,7,0.26,"Md",2.4,"Yahyalı (Kayseri)",209648
"28/11/2013 02:24:51",35.9095,37.4333,16.2,0.54,"ML",2.5,"Kozan (Adana)",209630
"26/11/2013 15:04:37",35.415,37.6771,7,0.71,"Md",2.2,"Aladağ (Adana)",209608
"26/11/2013 14:10:04",35.5446,37.5945,7,0.56,"Md",2,"Aladağ (Adana)",209607
"23/11/2013 14:43:41",35.4623,37.6638,7,0.4,"ML",1.3,"Aladağ (Adana)",209571
"21/11/2013 18:30:38",34.348,37.229,6.97,0.1,"ML",2,"Toroslar (Mersin)",209477
"21/11/2013 14:23:08",35.776,38.6368,6.85,0.57,"ML",2,"Talas (Kayseri)",209473
"21/11/2013 12:53:57",33.0693,38.0506,7.11,0.65,"Md",2.1,"Karatay (Konya)",209472
"20/11/2013 13:03:18",34.0065,38.4063,7,0.8,"ML",1.4,"Merkez (Aksaray)",209428
"19/11/2013 12:14:12",34.9118,38.9835,7,0.46,"ML",1.2,"Avanos (Nevşehir)",209423
"19/11/2013 01:32:56",33.5758,38.7677,7,0.17,"Ml",1.7,"Tuz Gölü - [09.36 km] Şereflikoçhisar (Ankara)",209402
"18/11/2013 20:10:40",35.7047,37.5277,7.68,0.18,"Ml",2.3,"Kozan (Adana)",209390
"18/11/2013 15:00:28",36,37.8783,7,0.15,"Ml",2.2,"Saimbeyli (Adana)",209374
"18/11/2013 14:17:14",34.9347,37.0473,7,0.06,"Ml",1.9,"Tarsus (Mersin)",209367
"18/11/2013 14:03:43",35.7883,38.3098,7,0.12,"Ml",2.4,"Tomarza (Kayseri)",209365
"17/11/2013 13:21:22",35.4387,37.6293,7,0.61,"Ml",2.3,"Aladağ (Adana)",209287
"17/11/2013 11:47:27",35.5898,37.9762,7,0.25,"Ml",2.1,"Yahyalı (Kayseri)",209282
"16/11/2013 22:08:00",35.58,37.021,6.99,0.6,"Ml",2.3,"Sarıçam (Adana)",209235
"16/11/2013 16:48:40",34.4262,37.2058,7,0.09,"Ml",2.1,"Çamlıyayla (Mersin)",209213
"16/11/2013 14:39:26",35.6292,37.6197,7,0.2,"Ml",2.3,"Kozan (Adana)",209201
"16/11/2013 13:04:59",33.7783,38.8042,6.86,0.77,"Ml",2.5,"Ağaçören (Aksaray)",209195
"15/11/2013 14:28:02",35.531,37.672,7,0.18,"Ml",2.1,"Aladağ (Adana)",209128
"15/11/2013 12:23:02",33.5812,38.8217,6.97,0.31,"Ml",2.3,"Tuz Gölü - [05.44 km] Şereflikoçhisar (Ankara)",209121
"15/11/2013 09:55:31",35.385,37.6003,7.02,0.35,"Ml",2.2,"Aladağ (Adana)",209107
"14/11/2013 16:20:41",35.0843,37.4587,7,0.29,"Ml",1.8,"Karaisalı (Adana)",209080
"13/11/2013 14:29:31",35.4725,37.68,7,0.15,"Ml",2,"Aladağ (Adana)",208991
"12/11/2013 13:42:27",34.1355,37.3573,7.02,0.13,"Ml",2,"Halkapınar (Konya)",208895
"12/11/2013 05:56:01",34.5687,37.0613,7,0.15,"Ml",2,"Toroslar (Mersin)",208859
"11/11/2013 18:50:08",35.4382,37.6762,7,0.02,"Ml",1.7,"Aladağ (Adana)",208835
"11/11/2013 11:45:04",35.6197,37.9937,7,0.11,"Ml",2,"Yahyalı (Kayseri)",208804
"11/11/2013 09:37:22",34.8552,37.0483,7.17,0.11,"Ml",2.1,"Tarsus (Mersin)",208793
"10/11/2013 19:31:39",35.3075,37.7145,7,0.58,"Ml",2.1,"Yahyalı (Kayseri)",208767
"10/11/2013 02:31:22",35.9903,37.0708,7,0.26,"Ml",2.4,"Ceyhan (Adana)",208713
"09/11/2013 17:02:08",35.0503,37.7842,7.01,0.22,"Ml",2.3,"Çamardı (Niğde)",208685
"08/11/2013 14:34:17",35.402,37.6648,7,0.17,"Ml",1.7,"Aladağ (Adana)",208616
"08/11/2013 10:19:32",35.6527,38.1088,7.01,0.26,"Ml",2.2,"Develi (Kayseri)",208597
"07/11/2013 11:33:23",35.2393,38.2145,5.38,0.18,"Ml",2.5,"Yeşilhisar (Kayseri)",208523
"07/11/2013 09:43:45",35.4552,37.7048,7,0.15,"Ml",1.8,"Aladağ (Adana)",208502
"06/11/2013 05:13:23",35.9713,37.0628,5,0.67,"Ml",2.7,"Ceyhan (Adana)",208426
"05/11/2013 12:48:59",33.168,37.2608,6.86,0.42,"Ml",2.8,"Merkez (Karaman)",208383
"05/11/2013 11:50:09",35.6377,37.9858,7,0.4,"Ml",2.4,"Yahyalı (Kayseri)",208377
"05/11/2013 11:48:57",35.6243,38.001,7,0.46,"Ml",2.1,"Yahyalı (Kayseri)",208376
"05/11/2013 05:22:15",35.3662,37.5045,6.52,0.13,"Ml",2.1,"Aladağ (Adana)",208341
"04/11/2013 17:10:43",35.4263,37.6973,7,0.05,"Ml",1.9,"Yahyalı (Kayseri)",208309
"04/11/2013 14:53:22",35.4017,37.6743,7,0.3,"Ml",2,"Aladağ (Adana)",208301
"04/11/2013 14:08:41",35.59,37.9607,7,0.13,"Ml",2,"Yahyalı (Kayseri)",208296
"04/11/2013 12:47:56",33.7212,38.943,6.99,0.21,"Ml",2.2,"Evren (Ankara)",208284
"04/11/2013 02:02:24",35.8288,37.6153,7,0.31,"Ml",1.7,"Kozan (Adana)",208254
"03/11/2013 11:57:36",35.6383,38.0242,6.98,0.67,"Ml",2.4,"Develi (Kayseri)",208196
"03/11/2013 11:56:44",35.6542,38.135,7,0.08,"Ml",2.1,"Develi (Kayseri)",208195
"02/11/2013 11:54:07",35.627,37.9637,7,0.5,"Ml",2.1,"Feke (Adana)",208108
"02/11/2013 10:40:34",35.7743,38.9498,6.92,0.25,"Ml",1.8,"Bünyan (Kayseri)",208101
"02/11/2013 09:43:34",35.3793,37.6935,7,0.64,"Ml",2,"Yahyalı (Kayseri)",208090
"02/11/2013 04:28:23",35.9617,38.0472,7,0.69,"Ml",1.9,"Saimbeyli (Adana)",208073
"01/11/2013 09:33:13",34.9145,37.0372,7,0.15,"Ml",2,"Tarsus (Mersin)",208010
"01/11/2013 03:55:11",34.4585,37.2465,6.99,0.45,"Ml",3,"Çamlıyayla (Mersin)",207997
"31/10/2013 21:46:41",34.8907,37.2405,7,0.25,"Ml",2.2,"Tarsus (Mersin)",207979
"31/10/2013 20:38:15",34.4178,37.2067,7,0.12,"Ml",2.1,"Çamlıyayla (Mersin)",207974
"31/10/2013 19:55:29",34.4665,37.2678,7.02,0.44,"Ml",2.5,"Çamlıyayla (Mersin)",207971
"31/10/2013 16:50:10",34.4207,37.204,7,0.2,"Ml",1.8,"Çamlıyayla (Mersin)",207964
"31/10/2013 13:42:37",34.1358,37.493,9.86,0.1,"Ml",2.5,"Ereğli (Konya)",207958
"31/10/2013 13:33:07",34.0647,38.245,7.03,0.29,"Ml",2.6,"Merkez (Aksaray)",207956
"31/10/2013 13:19:39",33.6748,38.9773,7.01,0.18,"Ml",2.1,"Evren (Ankara)",207955
"31/10/2013 11:53:27",35.6145,37.9833,7.08,0.37,"Ml",2.2,"Yahyalı (Kayseri)",207949
"31/10/2013 10:54:00",34.7152,37.1028,7.02,0.47,"Ml",2.7,"Çamlıyayla (Mersin)",207944
"31/10/2013 09:04:58",34.8692,38.0255,7.33,0.31,"Ml",2.2,"Merkez (Niğde)",207932
"31/10/2013 06:08:55",34.0258,38.4498,7,0.12,"Ml",2.2,"Merkez (Aksaray)",207922
"31/10/2013 02:38:15",35.0553,37.6707,4.5,0.44,"Ml",2.5,"Çamardı (Niğde)",207915
"30/10/2013 22:25:12",35.9487,37.4618,7,0.2,"Ml",1.8,"Sumbas (Osmaniye)",207901
"30/10/2013 15:34:42",34.7217,37.6495,6.99,0.28,"Ml",2.7,"Ulukışla (Niğde)",207887
"30/10/2013 11:51:31",35.6432,38.0202,7,0.19,"Ml",2.3,"Develi (Kayseri)",207859
"29/10/2013 13:42:56",35.391,37.6187,5.8,0.07,"Ml",2,"Aladağ (Adana)",207762
"29/10/2013 13:15:01",34.7097,38.6925,7.59,0.39,"Ml",2.2,"Merkez (Nevşehir)",207760
"29/10/2013 09:44:55",35.38,37.6743,7,0.09,"Ml",1.9,"Aladağ (Adana)",207732
"29/10/2013 09:40:22",35.4442,37.6732,7,0.31,"Ml",1.8,"Aladağ (Adana)",207730
"27/10/2013 07:19:01",35.1262,38.5602,6.87,0.45,"Ml",2.4,"İncesu (Kayseri)",207580
"26/10/2013 17:35:56",35.335,37.6705,7,0.33,"Ml",1.9,"Aladağ (Adana)",207534
"26/10/2013 11:03:37",35.6658,38.1335,7,0.1,"Ml",2,"Develi (Kayseri)",207505
"26/10/2013 11:02:50",35.6112,37.9707,7,0.13,"Ml",2.2,"Yahyalı (Kayseri)",207504
"25/10/2013 17:41:00",35.5943,37.1973,7,0.09,"Md",1.8,"Ceyhan (Adana)",207455
"25/10/2013 10:53:07",35.1633,37.819,7,0.66,"Ml",2.3,"Çamardı (Niğde)",207428
"23/10/2013 03:47:29",35.7948,37.0065,7,0.46,"Ml",1.9,"Ceyhan (Adana)",207273
"22/10/2013 23:00:02",35.7862,37.4732,7,0.1,"Ml",1.9,"Kozan (Adana)",207252
"22/10/2013 19:01:21",35.3327,37.6803,7,0.34,"Ml",1.8,"Aladağ (Adana)",207237
"22/10/2013 19:00:51",35.3563,37.6663,7,0.32,"Ml",1.8,"Aladağ (Adana)",207236
"22/10/2013 08:58:31",35.6825,37.5407,7,0.49,"Ml",2.6,"Kozan (Adana)",207192
"22/10/2013 01:04:24",35.6598,37.5015,6.43,0.5,"Ml",2,"Kozan (Adana)",207173
"13/10/2013 19:33:27",35.458,37.5052,2.23,0.29,"Ml",2.1,"Aladağ (Adana)",206793
"12/10/2013 12:39:21",34.071,38.6627,7,0.21,"Ml",2.5,"Ortaköy (Aksaray)",206736
"12/10/2013 12:30:45",35.7962,38.197,7,0.21,"Ml",2,"Develi (Kayseri)",206734
"12/10/2013 10:26:49",34.7642,37.58,7,0.41,"Ml",2.2,"Ulukışla (Niğde)",206729
"11/10/2013 23:15:26",35.4947,37.4873,2.33,0.22,"Ml",1.8,"Aladağ (Adana)",206693
"11/10/2013 12:09:14",34.6733,37.0625,6.6,0.59,"Ml",2.6,"Tarsus (Mersin)",206647
"10/10/2013 07:59:10",34.224,38.1853,7.02,0.56,"Ml",2.6,"Merkez (Aksaray)",206552
"08/10/2013 10:05:38",35.6332,38.1515,7.01,0.36,"Ml",2.5,"Develi (Kayseri)",206403
"07/10/2013 15:35:40",35.7947,38.6532,7.1,0.58,"Ml",2.3,"Talas (Kayseri)",206344
"07/10/2013 14:48:08",35.7572,38.682,7.02,0.49,"Ml",2.4,"Talas (Kayseri)",206337
"07/10/2013 13:08:40",35.7317,37.6323,6.91,0.72,"Ml",2.5,"Kozan (Adana)",206325
"07/10/2013 09:28:18",35.3737,37.6707,7,0.84,"Ml",2,"Aladağ (Adana)",206310
"06/10/2013 13:54:48",35.4285,37.6882,7,0.22,"Ml",1.7,"Aladağ (Adana)",206241
"05/10/2013 21:58:11",35.5752,37.0945,7.02,0.44,"Ml",2.1,"Sarıçam (Adana)",206203
"05/10/2013 21:31:34",33.1698,37.0422,7,0.52,"Ml",3.4,"Merkez (Karaman)",206202
"05/10/2013 13:21:19",35.4765,37.6767,7,0.24,"Ml",2,"Aladağ (Adana)",206188
"05/10/2013 09:31:23",35.4368,37.5912,6.21,0.33,"Ml",2.3,"Aladağ (Adana)",206174
"04/10/2013 10:49:21",33.6743,38.9412,7,0.38,"Ml",2.3,"Şereflikoçhisar (Ankara)",206124
"03/10/2013 13:05:47",35.6835,37.25,7,0.26,"Ml",3,"İmamoğlu (Adana)",206080
"03/10/2013 12:58:24",35.462,37.6823,7,0.63,"Ml",2.1,"Aladağ (Adana)",206079
"03/10/2013 12:20:25",35.6418,38.1462,7,0.14,"Ml",2.4,"Develi (Kayseri)",206077
"02/10/2013 12:39:00",35.9012,37.4453,7,0.5,"Ml",2.8,"Kozan (Adana)",206014
"02/10/2013 11:13:32",35.8855,38.195,7,0.13,"Ml",2.3,"Develi (Kayseri)",206010
"02/10/2013 10:56:15",35.6127,38.0455,6.88,0.31,"Ml",2.2,"Develi (Kayseri)",206007
"02/10/2013 08:42:46",35.3923,37.6195,7,0.22,"Ml",2.5,"Aladağ (Adana)",205998
"02/10/2013 08:33:29",35.4107,37.6072,7,0.31,"Ml",2.3,"Aladağ (Adana)",205997
"01/10/2013 11:34:12",35.8522,38.603,7.08,0.61,"Ml",2.8,"Talas (Kayseri)",205926
"01/10/2013 10:50:00",34.734,37.6728,7,0.23,"Ml",2.4,"Ulukışla (Niğde)",205923
"01/10/2013 10:48:17",35.6275,37.9937,7.04,0.15,"Ml",2.2,"Yahyalı (Kayseri)",205922
"01/10/2013 00:26:33",35.2688,38.343,7,0.05,"Ml",2.1,"Yay Gölü - [13.60 km] Yeşilhisar (Kayseri)",205889
"30/09/2013 16:42:47",35.8667,37.5185,7,0.13,"Ml",2.7,"Kozan (Adana)",205862
"29/09/2013 15:55:10",33.4872,37.713,6.84,0.19,"Ml",2.8,"Karapınar (Konya)",205774
"29/09/2013 14:32:53",35.1428,38.4932,6.7,0.28,"Ml",2.3,"Ürgüp (Nevşehir)",205769
"29/09/2013 12:09:42",35.2523,37.5433,7.03,0.24,"Ml",2.5,"Aladağ (Adana)",205763
"29/09/2013 10:55:54",35.644,37.9678,7,0.52,"Ml",2.3,"Feke (Adana)",205751
"28/09/2013 16:01:36",35.3943,37.8593,7,0.71,"Ml",1.5,"Yahyalı (Kayseri)",205677
"28/09/2013 10:46:43",35.5287,38.164,6.99,0.78,"Ml",2.1,"Yahyalı (Kayseri)",205663
"27/09/2013 14:57:13",34.778,37.0203,7.15,0.29,"Ml",1.6,"Tarsus (Mersin)",205605
"27/09/2013 10:11:01",35.6303,38.0203,6.99,0.35,"Ml",2.1,"Yahyalı (Kayseri)",205576
"27/09/2013 01:16:36",35.707,37.5428,7,0.14,"Ml",2.1,"Kozan (Adana)",205548
"27/09/2013 01:12:43",35.7098,37.5418,7,0.13,"Ml",2.1,"Kozan (Adana)",205547
"26/09/2013 10:50:07",35.5225,37.9442,7,0.11,"Ml",2.1,"Yahyalı (Kayseri)",205486
"26/09/2013 07:33:47",35.6848,37.7722,7,0.22,"Ml",2.5,"Kozan (Adana)",205473
"25/09/2013 22:09:44",35.7948,37.6647,7,0.72,"Ml",1.7,"Kozan (Adana)",205442
"25/09/2013 16:24:55",35.7233,37.5448,7,0.16,"Ml",2.1,"Kozan (Adana)",205423
"25/09/2013 06:44:58",35.0735,38.4958,6.94,0.22,"Ml",2.4,"Ürgüp (Nevşehir)",205363
"25/09/2013 03:39:02",34.9138,37.5967,7,0.45,"Ml",2.8,"Pozantı (Adana)",205358
"24/09/2013 13:37:10",35.512,37.6818,7,0.08,"Ml",2.2,"Aladağ (Adana)",205302
"23/09/2013 10:46:03",34.9045,38.9968,7.3,0.25,"Ml",2.5,"Avanos (Nevşehir)",205214
"22/09/2013 11:00:49",34.8553,37.9412,7,0.51,"Ml",2.1,"Merkez (Niğde)",205137
"22/09/2013 10:49:18",35.5795,38.1067,7,0.34,"Ml",2,"Develi (Kayseri)",205136
"22/09/2013 06:02:31",35.618,37.0028,7,0.48,"Ml",2,"Sarıçam (Adana)",205123
"22/09/2013 02:17:41",35.6183,37.5518,7,0.64,"Ml",1.7,"Kozan (Adana)",205118
"22/09/2013 00:45:04",35.8535,37.0413,6.93,0.64,"Ml",3,"Ceyhan (Adana)",205112
"21/09/2013 15:00:29",34.4548,37.3495,7,0.87,"Ml",2.3,"Çamlıyayla (Mersin)",205078
"21/09/2013 07:07:59",35.2967,38.2167,6.63,0.44,"Ml",2.2,"Yeşilhisar (Kayseri)",205047
"19/09/2013 15:08:39",34.7542,37.9622,7.04,0.23,"Ml",2.6,"Merkez (Niğde)",204906
"18/09/2013 15:18:21",35.9303,37.0237,7,0.06,"Ml",2.5,"Ceyhan (Adana)",204807
"18/09/2013 04:21:54",34.8685,37.054,7,0.76,"Ml",2.2,"Tarsus (Mersin)",204769
"17/09/2013 09:20:27",34.7498,37.954,7,0.07,"Ml",2.3,"Merkez (Niğde)",204623
"17/09/2013 08:27:31",35.648,37.0253,10.08,0.97,"Ml",2.7,"Sarıçam (Adana)",204618
"16/09/2013 13:36:59",35.3537,37.6643,7,0.13,"Ml",2.1,"Aladağ (Adana)",204567
"16/09/2013 10:51:02",35.6338,38.0405,6.65,0.05,"Ml",2.3,"Develi (Kayseri)",204552
"16/09/2013 10:37:00",33.736,38.9417,7,0.09,"Ml",2.3,"Şereflikoçhisar (Ankara)",204551
"16/09/2013 06:00:35",35.9875,37.6477,7,0.38,"Ml",2.5,"Kozan (Adana)",204534
"15/09/2013 01:08:57",34.9782,37.209,7,0.23,"Ml",1.8,"Karaisalı (Adana)",204458
"13/09/2013 08:39:24",34.877,37.1177,7,0.21,"Ml",2.1,"Tarsus (Mersin)",204336
"13/09/2013 01:03:21",35.7033,37.5535,7,0.28,"Ml",2.2,"Kozan (Adana)",204317
"12/09/2013 22:55:00",35.6925,37.5458,7,0.24,"Ml",1.7,"Kozan (Adana)",204303
"12/09/2013 12:58:57",34.7977,38.6765,1.7,0.49,"Ml",1.9,"Merkez (Nevşehir)",204265
"12/09/2013 03:09:21",33.7263,38.5363,6.92,0.43,"Ml",2,"Merkez (Aksaray)",204234
"10/09/2013 11:35:08",34.024,38.2593,6.65,0.3,"Ml",2.4,"Merkez (Aksaray)",204128
"10/09/2013 01:49:13",35.2032,38.1432,7.01,0.53,"Ml",2.3,"Merkez (Niğde)",204105
"08/09/2013 14:45:00",34.3757,37.0552,7,0.23,"Ml",2.2,"Toroslar (Mersin)",204011
"07/09/2013 21:18:04",35.1018,38.3205,7,0.36,"Ml",2.1,"Yeşilhisar (Kayseri)",203949
"07/09/2013 20:41:17",34.3827,37.3208,7,0.48,"Ml",2.5,"Toroslar (Mersin)",203947
"07/09/2013 08:00:49",35.6298,38.9837,6.99,0.23,"Ml",2.4,"Kocasinan (Kayseri)",203897
"05/09/2013 23:23:57",35.0388,38.291,7.04,0.14,"Ml",2.1,"Yeşilhisar (Kayseri)",203811
"05/09/2013 20:50:32",34.952,37.6892,7,0.46,"Ml",2.1,"Çamardı (Niğde)",203799
"05/09/2013 17:56:31",34.9558,37.0045,7.01,0.34,"Ml",2.9,"Tarsus (Mersin)",203784
"05/09/2013 14:50:40",34.7198,38.8058,6.93,0.3,"Ml",2.2,"Gülşehir (Nevşehir)",203761
"04/09/2013 15:30:07",34.7647,38.7107,6.98,0.21,"Ml",2.6,"Merkez (Nevşehir)",203691
"03/09/2013 11:51:00",33.483,38.3748,7.02,0.53,"Ml",2.2,"Eskil (Aksaray)",203622
"03/09/2013 03:39:57",35.8987,37.2173,7,0.21,"Ml",1.8,"Kadirli (Osmaniye)",203604
"02/09/2013 18:01:06",33.3528,38.4795,6.8,0.12,"Ml",1.8,"Eskil (Aksaray)",203584
"30/08/2013 18:03:04",33.455,38.9963,6.94,0.18,"Ml",2.1,"Tuz Gölü - [07.31 km] Şereflikoçhisar (Ankara)",203352
"30/08/2013 13:16:21",34.8852,38.9932,7.07,0.26,"Ml",2.6,"Avanos (Nevşehir)",203330
"30/08/2013 11:51:38",34.0677,38.2747,6.98,0.35,"Ml",2.4,"Merkez (Aksaray)",203328
"29/08/2013 17:54:29",33.6825,38.704,7.3,0.16,"Ml",2.5,"Ağaçören (Aksaray)",203276
"28/08/2013 04:06:30",33.9418,38.4232,6.99,0.38,"Ml",2.4,"Merkez (Aksaray)",203136
"27/08/2013 15:14:42",34.0327,38.723,6.96,0.33,"Ml",2.5,"Ortaköy (Aksaray)",203078
"26/08/2013 22:06:35",33.4428,38.4672,6.85,0.39,"Ml",2,"Eskil (Aksaray)",203018
"26/08/2013 05:37:13",33.4558,38.387,7.01,0.5,"Ml",2.4,"Eskil (Aksaray)",202959
"25/08/2013 17:14:00",34.9845,38.0648,7,0.61,"Ml",2.1,"Merkez (Niğde)",202912
"25/08/2013 13:19:52",35.1352,37.4655,6.81,0.37,"Ml",2.6,"Aladağ (Adana)",202896
"25/08/2013 07:50:38",35.9783,37.0285,6.05,0.37,"Ml",3.3,"Ceyhan (Adana)",202868
"24/08/2013 22:18:52",35.2373,37.528,18.66,0.4,"Ml",2.9,"Aladağ (Adana)",202855
"24/08/2013 16:22:39",33.8252,38.8935,6.99,0.61,"Ml",2,"Sarıyahşi (Aksaray)",202838
"21/08/2013 15:04:22",34.6577,37.1033,7,0.53,"Ml",2.7,"Çamlıyayla (Mersin)",202614
"21/08/2013 14:35:03",34.5148,37.949,6.98,0.3,"Ml",2.3,"Bor (Niğde)",202612
"20/08/2013 16:06:11",35.7533,38.6322,7,0.43,"Ml",2.4,"Talas (Kayseri)",202528
"19/08/2013 09:17:27",34.8178,37.0707,7,0.13,"Ml",2.5,"Tarsus (Mersin)",202466
"17/08/2013 07:24:05",34.7127,38.7602,6.42,0.49,"Ml",2.2,"Avanos (Nevşehir)",202314
"15/08/2013 18:57:44",33.443,38.3808,7.01,0.37,"Ml",2.7,"Eskil (Aksaray)",202238
"14/08/2013 01:46:05",33.3948,38.4113,7.16,0.91,"Ml",2.1,"Eskil (Aksaray)",202093
"14/08/2013 01:19:10",33.433,38.3913,7.01,0.68,"Ml",2.3,"Eskil (Aksaray)",202092
"13/08/2013 20:11:22",33.527,38.3218,7,0.82,"Ml",2.3,"Eskil (Aksaray)",202086
"12/08/2013 14:35:32",33.7692,38.7478,6.85,0.41,"Ml",1.9,"Ağaçören (Aksaray)",202018
"12/08/2013 13:57:57",35.8813,38.0597,7,0.38,"Ml",2.6,"Feke (Adana)",202016
"12/08/2013 10:30:28",33.4195,38.4242,7.02,0.71,"Ml",2.4,"Eskil (Aksaray)",202003
"12/08/2013 00:35:00",33.3558,38.435,6.96,0.28,"Ml",1.9,"Eskil (Aksaray)",201977
"11/08/2013 23:16:09",33.87,38.4892,7,0.33,"Ml",2.3,"Merkez (Aksaray)",201973
"11/08/2013 13:57:50",35.3868,37.6573,7.01,0.4,"Ml",2.2,"Aladağ (Adana)",201939
"11/08/2013 02:19:20",35.9185,37.452,7,0.55,"Ml",2.4,"Kozan (Adana)",201905
"10/08/2013 11:56:13",33.4553,38.3625,7.03,0.37,"Ml",3.1,"Eskil (Aksaray)",201876
"09/08/2013 18:57:18",35.874,37.4948,6.98,0.31,"Ml",2.4,"Kozan (Adana)",201851
"09/08/2013 03:49:57",35.5413,38.219,6.97,0.26,"Ml",2.1,"Develi (Kayseri)",201838
"07/08/2013 04:47:38",35.5538,37.0857,7.07,0.27,"Ml",2.3,"Sarıçam (Adana)",201696
"05/08/2013 12:41:16",34.7047,37.1322,7.01,0.73,"Ml",2.8,"Çamlıyayla (Mersin)",201602
"04/08/2013 23:57:14",35.9908,37.8785,7.02,0.12,"Ml",1.7,"Feke (Adana)",201569
"04/08/2013 16:47:26",35.6612,38.1073,7,0.54,"Ml",2,"Develi (Kayseri)",201550
"04/08/2013 16:46:19",35.6118,37.9503,7,0.36,"Ml",2.1,"Feke (Adana)",201549
"03/08/2013 16:51:18",35.6203,38.0138,7.01,0.34,"Ml",2.1,"Yahyalı (Kayseri)",201469
"03/08/2013 09:29:37",35.4432,37.608,7,0.15,"Ml",2.1,"Aladağ (Adana)",201423
"03/08/2013 09:19:22",35.4662,37.5922,7,0.58,"Ml",1.9,"Aladağ (Adana)",201421
"02/08/2013 16:44:00",35.6005,37.962,7,0.31,"Ml",2.2,"Yahyalı (Kayseri)",201365
"02/08/2013 09:20:27",34.9102,37.0235,5.23,0.27,"Ml",2.5,"Tarsus (Mersin)",201341
"02/08/2013 01:07:15",34.8647,37.4777,7,0.21,"Ml",1.9,"Pozantı (Adana)",201325
"01/08/2013 16:04:39",35.8698,38.1797,7,0.38,"Ml",2.6,"Develi (Kayseri)",201301
"01/08/2013 12:23:57",34.8522,37.9978,7.22,0.08,"Ml",2.5,"Merkez (Niğde)",201290
"29/07/2013 15:22:15",35.84,37.4442,7,0.35,"Ml",2.2,"Kozan (Adana)",201013
"28/07/2013 16:47:39",35.6615,38.028,7,0.54,"Ml",2.2,"Develi (Kayseri)",200958
"27/07/2013 23:08:19",33.1115,38.0188,5.03,0.25,"Ml",1.9,"Karatay (Konya)",200916
"27/07/2013 15:46:16",33.8795,38.5035,7.01,0.21,"Ml",2,"Merkez (Aksaray)",200895
"27/07/2013 12:49:06",35.4618,37.6807,7,0.31,"Ml",2.1,"Aladağ (Adana)",200888
"27/07/2013 12:09:20",35.7728,38.6608,6.73,0.22,"Ml",2.7,"Talas (Kayseri)",200885
"25/07/2013 16:55:29",35.6625,38.1297,7,0.31,"Ml",2.4,"Develi (Kayseri)",200696
"25/07/2013 06:59:57",34.0543,38.4397,7.02,0.2,"Ml",2.3,"Merkez (Aksaray)",200659
"24/07/2013 11:36:19",35.735,37.1253,6.89,0.76,"Ml",2.4,"Ceyhan (Adana)",200617
"24/07/2013 03:41:18",35.876,37.7812,11.93,0.42,"Ml",3.4,"Feke (Adana)",200576
"23/07/2013 17:51:46",35.576,38.1675,6.99,0.28,"Ml",2.1,"Yahyalı (Kayseri)",200552
"23/07/2013 09:52:37",34.721,37.6845,7,0.29,"Ml",2.4,"Bor (Niğde)",200529
"23/07/2013 04:37:05",33.4513,38.4263,7,0.64,"Ml",2.3,"Eskil (Aksaray)",200515
"22/07/2013 16:59:46",35.617,37.981,7,0.18,"Ml",2,"Yahyalı (Kayseri)",200457
"22/07/2013 16:06:49",35.2103,38.2352,6.99,0.36,"Ml",2.1,"Yeşilhisar (Kayseri)",200454
"20/07/2013 17:04:10",35.6435,38.0257,7,0.16,"Ml",1.9,"Develi (Kayseri)",200331
"20/07/2013 15:13:53",33.8392,38.9303,6.99,0.74,"Ml",1.9,"Sarıyahşi (Aksaray)",200326
"20/07/2013 15:08:21",33.8713,38.918,7.01,0.8,"Ml",2,"Ağaçören (Aksaray)",200325
"20/07/2013 03:22:40",35.4595,37.3488,7,0.26,"Ml",2.5,"Aladağ (Adana)",200288
"19/07/2013 09:32:02",35.4727,37.4852,6.91,0.58,"Ml",2.1,"Aladağ (Adana)",200226
"19/07/2013 07:05:28",34.8633,37.0398,7.47,0.39,"Ml",2.2,"Tarsus (Mersin)",200216
"18/07/2013 13:06:54",34.0637,38.2548,6.91,0.57,"Ml",2.3,"Merkez (Aksaray)",200148
"18/07/2013 11:47:28",35.5965,37.977,7,0.5,"Ml",2.3,"Yahyalı (Kayseri)",200138
"17/07/2013 01:06:57",33.6555,38.7228,7,0.05,"Ml",2,"Şereflikoçhisar (Ankara)",200024
"16/07/2013 17:04:13",35.6525,38.0772,7,0.14,"Ml",1.7,"Develi (Kayseri)",200013
"16/07/2013 16:19:11",34.6902,37.0817,6.76,0.64,"Ml",2.4,"Çamlıyayla (Mersin)",200012
"15/07/2013 17:06:05",35.7237,38.106,6.98,0.31,"Ml",2.3,"Develi (Kayseri)",199918
"15/07/2013 13:31:27",34.8442,37.0532,3.85,0.2,"Ml",2.6,"Tarsus (Mersin)",199904
"14/07/2013 13:21:55",33.7685,38.7345,7.54,0.22,"Ml",1.8,"Ağaçören (Aksaray)",199822
"13/07/2013 15:35:28",34.0523,38.7028,7.01,0.33,"Ml",3,"Ortaköy (Aksaray)",199749
"13/07/2013 12:39:25",35.7093,37.5632,7.01,0.54,"Ml",3.4,"Kozan (Adana)",199738
"12/07/2013 12:41:36",35.4307,37.6192,7.39,0.47,"Ml",2.1,"Aladağ (Adana)",199668
"11/07/2013 04:13:26",33.7157,38.691,3.93,0.15,"Ml",2.2,"Ağaçören (Aksaray)",199566
"10/07/2013 08:13:53",35.2265,38.6815,6.93,0.39,"Ml",2.3,"İncesu (Kayseri)",199490
"10/07/2013 07:08:15",35.8402,37.5127,7,0.49,"Ml",2.1,"Kozan Barajı - [00.78 km] Kozan (Adana)",199489
"07/07/2013 04:27:56",34.4325,38.8303,7,0.32,"Ml",2.1,"Gülşehir (Nevşehir)",199221
"07/07/2013 00:46:50",35.956,37.3343,27.7,0.61,"Ml",2.9,"Kadirli (Osmaniye)",199215
"07/07/2013 00:20:42",35.9283,37.3082,14.22,0.61,"Ml",2.7,"Kadirli (Osmaniye)",199214
"04/07/2013 10:01:54",34.8047,37.9672,7,0.01,"Ml",2.1,"Merkez (Niğde)",198985
"03/07/2013 12:57:21",34.6847,37.0892,7.02,0.41,"Ml",2.1,"Çamlıyayla (Mersin)",198905
"02/07/2013 02:17:05",34.1433,38.8153,7.02,0.41,"Ml",2.4,"Ortaköy (Aksaray)",198785
"01/07/2013 10:31:49",34.8535,38.9903,7,0.06,"Ml",2.3,"Avanos (Nevşehir)",198753
"28/06/2013 12:18:58",34.6617,37.6717,6.99,0.49,"Ml",2.9,"Bor (Niğde)",198582
"27/06/2013 09:51:28",35.5648,37.6305,7,0.06,"Ml",2.4,"Aladağ (Adana)",198514
"26/06/2013 18:34:43",35.097,37.8827,7,0.35,"Ml",2.1,"Çamardı (Niğde)",198481
"26/06/2013 11:01:28",35.6473,38.0812,7,0.13,"Ml",2.2,"Develi (Kayseri)",198448
"26/06/2013 07:54:36",35.3392,37.325,10.09,0.28,"Ml",2.6,"Karaisalı (Adana)",198437
"26/06/2013 06:38:40",34.751,38.6995,15.46,0.41,"Ml",2.7,"Merkez (Nevşehir)",198434
"26/06/2013 06:37:22",34.7655,38.6908,7,0.61,"Ml",2.5,"Merkez (Nevşehir)",198433
"25/06/2013 17:38:57",34.164,38.8387,7.01,0.31,"Ml",2.3,"Merkez (Kırşehir)",198400
"25/06/2013 15:37:48",34.1468,38.8213,7.16,0.49,"Ml",2.8,"Ortaköy (Aksaray)",198395
"25/06/2013 15:24:12",34.1288,38.8155,7.01,0.45,"Ml",2.2,"Ortaköy (Aksaray)",198393
"25/06/2013 14:08:40",34.1615,38.8187,7.02,0.41,"Ml",2.8,"Ortaköy (Aksaray)",198389
"22/06/2013 16:58:57",34.0782,38.447,7,0.64,"Ml",2.3,"Merkez (Aksaray)",198111
"20/06/2013 19:43:44",35.2762,38.8027,6.99,0.16,"Ml",1.9,"Kocasinan (Kayseri)",197943
"19/06/2013 11:30:57",34.867,37.993,7,0.36,"Ml",2.7,"Merkez (Niğde)",197820
"18/06/2013 13:53:07",35.4297,37.6748,7,0.23,"Ml",2,"Aladağ (Adana)",197733
"18/06/2013 09:51:00",35.4863,37.51,5,0.99,"Ml",2.2,"Aladağ (Adana)",197720
"18/06/2013 00:57:23",35.3325,37.9578,7,0.2,"Ml",2.3,"Yahyalı (Kayseri)",197707
"17/06/2013 14:40:33",34.6322,38.68,6.98,0.39,"Ml",2.7,"Merkez (Nevşehir)",197679
"17/06/2013 14:19:12",34.8587,37.0242,6.88,0.15,"Ml",1.8,"Tarsus (Mersin)",197678
"17/06/2013 12:57:22",35.4567,37.6078,6.79,0.31,"Ml",2.4,"Aladağ (Adana)",197674
"17/06/2013 10:58:33",35.5765,37.948,7,0.37,"Ml",2.1,"Yahyalı (Kayseri)",197668
"16/06/2013 05:57:05",35.8312,37.5462,7,0.26,"Ml",1.7,"Kozan (Adana)",197563
"15/06/2013 11:36:50",35.6612,37.5228,7,0.12,"Ml",2.4,"Kozan (Adana)",197495
"15/06/2013 10:29:10",34.7468,37.0648,7,0.71,"Ml",2.3,"Tarsus (Mersin)",197489
"14/06/2013 14:31:48",34.966,37.0092,6.64,0.25,"Ml",2.3,"Tarsus (Mersin)",197446
"14/06/2013 14:02:11",34.9042,37.0317,7,0.41,"Ml",1.8,"Tarsus (Mersin)",197441
"14/06/2013 08:07:25",34.27,38.4473,6.87,0.31,"Ml",2.5,"Gülağaç (Aksaray)",197421
"13/06/2013 14:08:33",35.2302,38.7458,7,0.74,"Ml",2.3,"İncesu (Kayseri)",197357
"12/06/2013 16:01:05",34.8972,37.033,4.06,0.25,"Ml",2.2,"Tarsus (Mersin)",197273
"12/06/2013 15:57:11",34.1642,37.4687,6.76,0.14,"Ml",2.6,"Ereğli (Konya)",197272
"12/06/2013 14:27:54",35.6432,37.9962,7,0.43,"Ml",2.1,"Yahyalı (Kayseri)",197266
"11/06/2013 15:58:18",34.717,37.0408,13.33,0.31,"Ml",2.9,"Tarsus (Mersin)",197171
"11/06/2013 15:19:59",34.3147,37.8623,7.13,0.26,"Ml",1.9,"Bor (Niğde)",197168
"11/06/2013 11:40:14",35.4482,37.6128,7,0.59,"Ml",2.1,"Aladağ (Adana)",197162
"11/06/2013 08:56:15",34.7953,38.0032,7.03,0.13,"Ml",2.2,"Merkez (Niğde)",197146
"11/06/2013 08:23:09",34.7142,37.7008,6.98,0.23,"Ml",2.4,"Bor (Niğde)",197143
"10/06/2013 13:44:21",34.6988,38.6677,7.12,0.15,"Ml",2.4,"Merkez (Nevşehir)",197092
"10/06/2013 12:34:17",35.7438,38.6467,7.2,0.75,"Ml",2.2,"Talas (Kayseri)",197090
"10/06/2013 07:01:14",35.6755,37.5458,7,0.34,"Ml",2.8,"Kozan (Adana)",197064
"08/06/2013 18:58:01",35.0727,37.7658,7,0.31,"Ml",2,"Çamardı (Niğde)",196930
"07/06/2013 23:22:17",35.6488,37.4933,7,0.19,"Ml",2.1,"Kozan (Adana)",196853
"07/06/2013 23:17:25",35.6698,37.5098,7,0.11,"Ml",2.4,"Kozan (Adana)",196851
"06/06/2013 11:28:02",35.6442,37.5165,7,0.42,"Ml",1.9,"Kozan (Adana)",196715
"06/06/2013 11:26:04",35.6222,37.4653,7,0.15,"Ml",2.3,"Kozan (Adana)",196714
"06/06/2013 11:24:04",35.6317,37.5535,7,0.02,"Ml",2.1,"Kozan (Adana)",196713
"05/06/2013 18:27:05",35.8702,37.6435,7,0.13,"Ml",1.8,"Kozan (Adana)",196663
"05/06/2013 15:56:31",34.8542,37.9942,7,0.42,"Ml",2.4,"Merkez (Niğde)",196651
"05/06/2013 13:45:16",34.2612,38.3905,6.93,0.3,"Ml",2.5,"Gülağaç (Aksaray)",196638
"05/06/2013 12:51:45",35.6053,37.6395,7,0.3,"Ml",2.3,"Kozan (Adana)",196633
"05/06/2013 08:53:31",35.6182,37.9583,6.98,0.99,"Ml",2.1,"Feke (Adana)",196621
"04/06/2013 20:58:35",35.6933,37.5815,7,0.35,"Ml",2.5,"Kozan (Adana)",196591
"03/06/2013 23:15:48",33.3885,38.4765,7,0.23,"Ml",1.8,"Eskil (Aksaray)",196520
"03/06/2013 13:23:47",34.0813,38.2743,7,0.19,"Ml",2.6,"Merkez (Aksaray)",196475
"03/06/2013 06:13:39",35.6677,38.0848,7,0.38,"Ml",2,"Develi (Kayseri)",196454
"02/06/2013 05:30:16",34.5022,37.0372,7,0.25,"Ml",2.4,"Toroslar (Mersin)",196374
"02/06/2013 04:14:17",35.0175,37.6738,7,0.1,"Ml",2.1,"Çamardı (Niğde)",196369
"01/06/2013 16:00:37",34.7022,37.0513,7.05,0.76,"Ml",2.9,"Tarsus (Mersin)",196320
"01/06/2013 14:41:03",34.5288,37.9108,7.55,0.49,"Ml",2.9,"Bor (Niğde)",196317
"01/06/2013 07:36:42",34.7117,37.6977,7,0.37,"Ml",2.3,"Bor (Niğde)",196271
"31/05/2013 23:57:52",33.4438,38.3945,7.04,0.59,"Ml",2.2,"Eskil (Aksaray)",196248
"31/05/2013 22:22:32",35.7173,37.5263,7,0.18,"Ml",2.1,"Kozan (Adana)",196246
"30/05/2013 16:23:43",35.0852,38.5023,6.99,0.58,"Ml",2.3,"Ürgüp (Nevşehir)",196138
"30/05/2013 14:20:25",34.0112,37.9425,7.05,0.56,"Ml",2.4,"Ereğli (Konya)",196119
"30/05/2013 11:44:13",35.6883,37.5158,7.01,0.25,"Ml",2.8,"Kozan (Adana)",196106
"30/05/2013 10:21:18",33.1212,37.5277,7.07,0.62,"Ml",2.4,"Çumra (Konya)",196093
"30/05/2013 06:16:30",34.0718,38.7467,7,0.11,"Ml",2.7,"Ortaköy (Aksaray)",196080
"29/05/2013 14:22:32",35.586,38.5953,7,0.74,"Ml",2.4,"Talas (Kayseri)",196036
"29/05/2013 09:49:34",34.7227,38.0178,6.95,0.22,"Ml",2.5,"Merkez (Niğde)",196012
"29/05/2013 09:24:54",35.1117,38.847,7.51,0.49,"Ml",2.2,"Kocasinan (Kayseri)",196009
"29/05/2013 08:43:21",34.9033,37.051,7,0.26,"Ml",2.3,"Tarsus (Mersin)",196005
"29/05/2013 07:10:55",33.4873,38.3525,6.72,0.73,"Ml",2.5,"Eskil (Aksaray)",195996
"29/05/2013 07:07:37",33.365,38.3857,6.99,0.29,"Ml",2.3,"Eskil (Aksaray)",195995
"29/05/2013 02:39:24",33.4347,38.2873,7.09,0.33,"Ml",2.1,"Eskil (Aksaray)",195983
"29/05/2013 02:13:46",35.674,37.0592,7.1,0.54,"Ml",2.5,"Sarıçam (Adana)",195981
"28/05/2013 19:18:08",33.4017,38.382,6.92,0.54,"Ml",2.4,"Eskil (Aksaray)",195961
"28/05/2013 14:19:12",35.784,38.634,6.94,0.37,"Ml",2.4,"Talas (Kayseri)",195948
"28/05/2013 12:01:42",33.4862,38.3762,4.59,0.48,"Ml",2.8,"Eskil (Aksaray)",195938
"27/05/2013 23:40:47",33.449,38.377,6.97,0.48,"Ml",2.3,"Eskil (Aksaray)",195892
"27/05/2013 20:56:38",34.9905,37.6913,6.95,0.17,"Ml",2.2,"Çamardı (Niğde)",195870
"27/05/2013 15:01:41",34.9,37.0402,7.08,0.3,"Ml",2,"Tarsus (Mersin)",195851
"27/05/2013 10:53:46",35.6822,38.128,6.99,0.5,"Ml",2.1,"Develi (Kayseri)",195834
"27/05/2013 08:32:47",34.9563,37.0135,7,0.38,"Ml",2.2,"Tarsus (Mersin)",195824
"25/05/2013 16:23:55",35.6773,38.2152,7,0.39,"Ml",2.2,"Develi (Kayseri)",195677
"25/05/2013 14:26:34",35.8502,38.5765,7.01,0.53,"Ml",2.8,"Tomarza (Kayseri)",195668
"25/05/2013 13:06:33",34.742,37.9898,7.01,0.11,"Ml",2.2,"Merkez (Niğde)",195663
"25/05/2013 09:46:48",34.8873,38.02,6.82,0.05,"Ml",2.6,"Merkez (Niğde)",195646
"23/05/2013 21:12:03",35.6752,37.5093,7,0.09,"Ml",2.2,"Kozan (Adana)",195490
"23/05/2013 21:09:15",35.6755,37.5073,6.98,0.23,"Ml",2.7,"Kozan (Adana)",195489
"23/05/2013 21:08:39",35.6848,37.4958,7,0.1,"Ml",2.1,"Kozan (Adana)",195488
"23/05/2013 21:06:34",35.6733,37.506,15.11,0.44,"Ml",2.8,"Kozan (Adana)",195487
"22/05/2013 14:02:27",35.6687,37.4983,7,0.38,"Ml",2.8,"Kozan (Adana)",195392
"21/05/2013 23:32:40",35.7008,37.4627,7,0.17,"Ml",1.9,"Kozan (Adana)",195324
"21/05/2013 04:25:55",35.6497,37.5038,7,0.26,"Ml",2.7,"Kozan (Adana)",195237
"21/05/2013 00:50:10",33.431,38.3607,7.12,0.54,"Ml",2.6,"Eskil (Aksaray)",195220
"20/05/2013 16:09:35",34.9808,38.9652,6.19,0.28,"Ml",2.3,"Avanos (Nevşehir)",195186
"20/05/2013 14:22:37",34.289,38.3813,6.92,0.56,"Ml",2.6,"Gülağaç (Aksaray)",195181
"20/05/2013 07:49:43",34.197,38.4875,7.07,0.65,"Ml",2.5,"Merkez (Aksaray)",195157